SalePrice,MSSubClass,LotFrontage,LotArea,OverallQual,OverallCond,YearBuilt,YearRemodAdd,MasVnrArea,BsmtFinSF1,BsmtFinSF2,BsmtUnfSF,TotalBsmtSF,1stFlrSF,2ndFlrSF,LowQualFinSF,GrLivArea,BsmtFullBath,BsmtHalfBath,FullBath,HalfBath,BedroomAbvGr,KitchenAbvGr,TotRmsAbvGrd,Fireplaces,GarageYrBlt,GarageCars,GarageArea,WoodDeckSF,OpenPorchSF,EnclosedPorch,3SsnPorch,ScreenPorch,PoolArea,MiscVal,MoSold,YrSold,MSZoning_E,Street_E,Alley_E,LotShape_E,LandContour_E,Utilities_E,LotConfig_E,LandSlope_E,Neighborhood_E,Condition1_E,Condition2_E,BldgType_E,HouseStyle_E,RoofStyle_E,RoofMatl_E,Exterior1st_E,Exterior2nd_E,MasVnrType_E,ExterQual_E,ExterCond_E,Foundation_E,BsmtQual_E,BsmtCond_E,BsmtExposure_E,BsmtFinType1_E,BsmtFinType2_E,Heating_E,HeatingQC_E,CentralAir_E,Electrical_E,KitchenQual_E,Functional_E,FireplaceQu_E,GarageType_E,GarageFinish_E,GarageQual_E,GarageCond_E,PavedDrive_E,PoolQC_E,Fence_E,MiscFeature_E,SaleType_E,SaleCondition_E
108000.0,50.0,60.0,11040.0,4.0,6.0,1920.0,1950.0,0.0,637.0,0.0,0.0,637.0,897.0,439.0,0.0,1336.0,0.0,0.0,1.0,1.0,3.0,1.0,7.0,0.0,1994.0,1.0,570.0,0.0,47.0,120.0,0.0,0.0,0.0,0.0,9.0,2006.0,1.0,2.0,3.0,1.0,3.0,2.0,1.0,2.0,2.0,5.0,5.0,5.0,3.0,2.0,3.0,5.0,6.0,2.0,2.0,4.0,3.0,3.0,4.0,2.0,2.0,6.0,6.0,4.0,2.0,6.0,2.0,7.0,2.0,2.0,2.0,4.0,6.0,3.0,1.0,5.0,4.0,4.0,5.0
269790.0,60.0,92.0,9920.0,7.0,5.0,1996.0,1997.0,0.0,862.0,0.0,255.0,1117.0,1127.0,886.0,0.0,2013.0,1.0,0.0,2.0,1.0,3.0,1.0,8.0,1.0,1997.0,2.0,455.0,180.0,130.0,0.0,0.0,0.0,0.0,0.0,6.0,2007.0,4.0,2.0,3.0,2.0,2.0,2.0,5.0,1.0,25.0,5.0,5.0,5.0,7.0,2.0,3.0,5.0,6.0,2.0,3.0,4.0,6.0,4.0,4.0,4.0,7.0,6.0,6.0,5.0,2.0,6.0,2.0,7.0,4.0,6.0,2.0,4.0,6.0,3.0,1.0,5.0,4.0,5.0,5.0
83000.0,160.0,21.0,1953.0,6.0,5.0,1973.0,1973.0,408.0,309.0,0.0,174.0,483.0,483.0,504.0,0.0,987.0,0.0,0.0,1.0,1.0,2.0,1.0,5.0,0.0,1973.0,1.0,264.0,72.0,0.0,0.0,0.0,0.0,0.0,0.0,6.0,2006.0,2.0,2.0,3.0,1.0,2.0,2.0,1.0,1.0,3.0,5.0,5.0,3.0,7.0,2.0,3.0,9.0,10.0,3.0,2.0,4.0,3.0,3.0,3.0,2.0,3.0,6.0,6.0,3.0,2.0,6.0,2.0,7.0,2.0,3.0,2.0,4.0,6.0,3.0,1.0,5.0,4.0,5.0,5.0
179900.0,80.0,85.0,9350.0,5.0,8.0,1965.0,1999.0,0.0,633.0,0.0,586.0,1219.0,1265.0,0.0,0.0,1265.0,0.0,1.0,2.0,0.0,3.0,1.0,6.0,1.0,1965.0,2.0,502.0,0.0,92.0,0.0,96.0,0.0,0.0,0.0,10.0,2008.0,4.0,2.0,3.0,1.0,2.0,2.0,1.0,1.0,11.0,5.0,5.0,5.0,5.0,2.0,3.0,11.0,12.0,2.0,2.0,3.0,6.0,3.0,4.0,5.0,5.0,6.0,6.0,4.0,2.0,6.0,3.0,7.0,5.0,6.0,3.0,4.0,6.0,3.0,1.0,3.0,4.0,5.0,5.0
149000.0,50.0,52.0,6240.0,5.0,6.0,1928.0,1950.0,0.0,0.0,0.0,1042.0,1042.0,1042.0,534.0,0.0,1576.0,0.0,0.0,1.0,0.0,3.0,1.0,8.0,1.0,1928.0,1.0,225.0,0.0,0.0,0.0,0.0,0.0,0.0,0.0,8.0,2006.0,2.0,2.0,3.0,1.0,2.0,2.0,1.0,1.0,4.0,5.0,5.0,5.0,3.0,2.0,3.0,5.0,6.0,2.0,2.0,4.0,2.0,3.0,4.0,2.0,6.0,6.0,6.0,5.0,2.0,6.0,2.0,7.0,5.0,3.0,2.0,4.0,6.0,3.0,1.0,5.0,4.0,5.0,3.0
112500.0,20.0,70.0,7700.0,5.0,5.0,1972.0,1972.0,0.0,138.0,468.0,276.0,882.0,882.0,0.0,0.0,882.0,1.0,0.0,1.0,0.0,3.0,1.0,5.0,0.0,1980.0,2.0,461.0,96.0,0.0,0.0,0.0,0.0,0.0,0.0,3.0,2007.0,4.0,2.0,3.0,1.0,2.0,2.0,3.0,1.0,17.0,5.0,5.0,5.0,6.0,2.0,3.0,12.0,13.0,2.0,2.0,4.0,3.0,3.0,4.0,2.0,4.0,4.0,6.0,3.0,2.0,6.0,2.0,7.0,2.0,3.0,2.0,4.0,6.0,3.0,1.0,3.0,4.0,5.0,5.0
109500.0,20.0,60.0,7200.0,5.0,7.0,1950.0,1950.0,0.0,0.0,0.0,0.0,0.0,1040.0,0.0,0.0,1040.0,0.0,0.0,1.0,0.0,2.0,1.0,5.0,0.0,1950.0,2.0,625.0,0.0,0.0,0.0,0.0,0.0,0.0,0.0,6.0,2006.0,4.0,2.0,3.0,1.0,2.0,2.0,1.0,1.0,11.0,5.0,5.0,5.0,6.0,5.0,3.0,6.0,5.0,2.0,2.0,4.0,3.0,1.0,2.0,1.0,1.0,1.0,6.0,3.0,2.0,3.0,2.0,7.0,2.0,3.0,2.0,4.0,6.0,3.0,1.0,5.0,4.0,5.0,5.0
158000.0,20.0,63.0,13072.0,6.0,5.0,2004.0,2004.0,0.0,941.0,0.0,217.0,1158.0,1158.0,0.0,0.0,1158.0,1.0,0.0,1.0,1.0,3.0,1.0,5.0,0.0,2006.0,2.0,576.0,0.0,50.0,0.0,0.0,0.0,0.0,0.0,5.0,2006.0,4.0,2.0,3.0,1.0,2.0,2.0,1.0,1.0,13.0,2.0,5.0,5.0,6.0,2.0,3.0,12.0,13.0,2.0,2.0,4.0,6.0,4.0,4.0,2.0,5.0,6.0,6.0,5.0,2.0,6.0,3.0,7.0,2.0,3.0,2.0,4.0,6.0,3.0,1.0,5.0,4.0,9.0,6.0
164900.0,20.0,75.0,14559.0,5.0,7.0,1951.0,2000.0,70.0,650.0,180.0,178.0,1008.0,1363.0,0.0,0.0,1363.0,1.0,0.0,1.0,0.0,2.0,1.0,6.0,2.0,1951.0,1.0,288.0,324.0,42.0,0.0,0.0,168.0,0.0,2000.0,6.0,2009.0,4.0,2.0,3.0,1.0,2.0,2.0,1.0,1.0,11.0,5.0,5.0,5.0,6.0,5.0,3.0,6.0,5.0,1.0,3.0,4.0,3.0,3.0,4.0,2.0,3.0,4.0,6.0,5.0,2.0,6.0,2.0,4.0,4.0,2.0,2.0,4.0,6.0,3.0,1.0,5.0,2.0,5.0,5.0
259500.0,70.0,61.0,7259.0,6.0,8.0,1945.0,2002.0,0.0,774.0,150.0,104.0,1028.0,1436.0,884.0,0.0,2320.0,1.0,0.0,2.0,1.0,3.0,1.0,9.0,1.0,1945.0,1.0,180.0,224.0,0.0,0.0,0.0,0.0,0.0,0.0,7.0,2007.0,4.0,2.0,3.0,2.0,2.0,2.0,1.0,2.0,18.0,5.0,5.0,5.0,7.0,1.0,3.0,6.0,5.0,2.0,2.0,4.0,3.0,3.0,4.0,2.0,5.0,3.0,6.0,5.0,2.0,6.0,3.0,7.0,4.0,3.0,2.0,4.0,6.0,3.0,1.0,3.0,4.0,5.0,5.0
147000.0,20.0,72.0,8872.0,5.0,8.0,1965.0,2008.0,300.0,595.0,0.0,317.0,912.0,912.0,0.0,0.0,912.0,1.0,0.0,1.0,0.0,2.0,1.0,5.0,0.0,1992.0,2.0,576.0,0.0,240.0,0.0,0.0,0.0,0.0,0.0,12.0,2008.0,4.0,2.0,3.0,1.0,2.0,2.0,3.0,1.0,11.0,5.0,5.0,5.0,6.0,2.0,3.0,12.0,13.0,3.0,2.0,4.0,3.0,3.0,4.0,2.0,5.0,6.0,6.0,5.0,2.0,6.0,3.0,7.0,2.0,3.0,2.0,4.0,6.0,3.0,1.0,5.0,4.0,5.0,5.0
118500.0,75.0,60.0,6204.0,4.0,5.0,1912.0,1950.0,0.0,0.0,0.0,795.0,795.0,954.0,795.0,481.0,2230.0,1.0,0.0,1.0,0.0,5.0,1.0,10.0,0.0,1997.0,1.0,440.0,0.0,188.0,0.0,0.0,0.0,0.0,0.0,3.0,2006.0,4.0,2.0,3.0,1.0,1.0,2.0,1.0,1.0,9.0,5.0,5.0,5.0,8.0,2.0,3.0,6.0,5.0,2.0,3.0,4.0,6.0,3.0,3.0,2.0,6.0,6.0,6.0,3.0,1.0,6.0,2.0,7.0,2.0,3.0,2.0,4.0,5.0,3.0,1.0,5.0,4.0,5.0,5.0
129000.0,20.0,109.0,8724.0,5.0,5.0,1968.0,1968.0,0.0,492.0,0.0,402.0,894.0,894.0,0.0,0.0,894.0,0.0,0.0,1.0,0.0,3.0,1.0,5.0,1.0,1968.0,2.0,450.0,0.0,0.0,0.0,0.0,0.0,0.0,0.0,5.0,2007.0,4.0,2.0,3.0,1.0,2.0,2.0,1.0,1.0,7.0,5.0,5.0,5.0,6.0,2.0,3.0,12.0,13.0,2.0,2.0,4.0,3.0,4.0,4.0,2.0,3.0,6.0,6.0,4.0,2.0,6.0,2.0,7.0,1.0,6.0,4.0,4.0,6.0,3.0,1.0,5.0,4.0,5.0,5.0
227000.0,20.0,85.0,10000.0,8.0,5.0,2006.0,2006.0,410.0,0.0,0.0,1588.0,1588.0,1588.0,0.0,0.0,1588.0,0.0,0.0,2.0,0.0,3.0,1.0,7.0,1.0,2006.0,3.0,825.0,144.0,45.0,0.0,0.0,0.0,0.0,0.0,12.0,2007.0,4.0,2.0,3.0,1.0,2.0,2.0,1.0,1.0,20.0,5.0,5.0,5.0,6.0,5.0,3.0,12.0,13.0,4.0,3.0,4.0,6.0,4.0,5.0,4.0,6.0,6.0,6.0,5.0,2.0,6.0,3.0,7.0,5.0,6.0,3.0,4.0,6.0,3.0,1.0,5.0,4.0,5.0,5.0
124900.0,20.0,60.0,7200.0,5.0,7.0,1972.0,1972.0,0.0,632.0,0.0,148.0,780.0,780.0,0.0,0.0,780.0,0.0,0.0,1.0,0.0,2.0,1.0,4.0,0.0,1973.0,1.0,352.0,196.0,0.0,0.0,0.0,0.0,0.0,0.0,1.0,2008.0,4.0,2.0,3.0,1.0,1.0,2.0,1.0,1.0,17.0,5.0,5.0,5.0,6.0,2.0,3.0,9.0,10.0,2.0,2.0,4.0,3.0,3.0,4.0,4.0,5.0,6.0,6.0,5.0,2.0,6.0,2.0,7.0,2.0,3.0,2.0,4.0,6.0,3.0,1.0,3.0,4.0,5.0,5.0
127000.0,50.0,50.0,8635.0,5.0,5.0,1948.0,2001.0,0.0,336.0,41.0,295.0,672.0,1072.0,213.0,0.0,1285.0,1.0,0.0,1.0,0.0,2.0,1.0,6.0,0.0,1948.0,1.0,240.0,0.0,0.0,0.0,0.0,0.0,0.0,0.0,1.0,2008.0,2.0,2.0,3.0,1.0,2.0,2.0,1.0,1.0,4.0,5.0,5.0,5.0,3.0,2.0,3.0,6.0,5.0,2.0,2.0,4.0,3.0,3.0,4.0,2.0,3.0,5.0,6.0,3.0,2.0,6.0,2.0,4.0,2.0,3.0,2.0,4.0,6.0,3.0,1.0,3.0,4.0,5.0,5.0
129500.0,20.0,69.0,7599.0,4.0,6.0,1982.0,2006.0,0.0,565.0,0.0,280.0,845.0,845.0,0.0,0.0,845.0,1.0,0.0,1.0,0.0,2.0,1.0,4.0,0.0,1987.0,2.0,360.0,0.0,0.0,0.0,0.0,0.0,0.0,0.0,6.0,2007.0,4.0,2.0,3.0,1.0,2.0,2.0,3.0,1.0,12.0,5.0,5.0,5.0,6.0,2.0,3.0,9.0,11.0,2.0,2.0,4.0,3.0,3.0,4.0,2.0,5.0,6.0,6.0,3.0,2.0,6.0,2.0,7.0,2.0,3.0,2.0,4.0,6.0,3.0,1.0,5.0,4.0,5.0,5.0
120000.0,30.0,60.0,10800.0,5.0,6.0,1920.0,1950.0,0.0,821.0,0.0,299.0,1120.0,1130.0,0.0,0.0,1130.0,1.0,0.0,1.0,0.0,2.0,1.0,5.0,1.0,1970.0,2.0,720.0,229.0,0.0,0.0,0.0,0.0,0.0,0.0,6.0,2006.0,4.0,2.0,1.0,1.0,2.0,2.0,1.0,1.0,6.0,5.0,5.0,5.0,6.0,5.0,3.0,8.0,7.0,2.0,2.0,4.0,2.0,3.0,4.0,2.0,2.0,6.0,6.0,5.0,2.0,6.0,2.0,7.0,5.0,3.0,2.0,4.0,6.0,3.0,1.0,5.0,4.0,5.0,5.0
130000.0,80.0,60.0,7134.0,5.0,5.0,1955.0,1955.0,0.0,384.0,0.0,0.0,384.0,1360.0,0.0,0.0,1360.0,0.0,0.0,1.0,0.0,3.0,1.0,6.0,1.0,1962.0,2.0,572.0,0.0,50.0,0.0,0.0,0.0,0.0,0.0,2.0,2007.0,4.0,2.0,3.0,1.0,1.0,2.0,1.0,2.0,11.0,5.0,5.0,5.0,5.0,2.0,3.0,5.0,6.0,2.0,2.0,4.0,3.0,3.0,4.0,2.0,5.0,6.0,6.0,3.0,2.0,6.0,2.0,4.0,4.0,3.0,2.0,4.0,6.0,3.0,1.0,3.0,4.0,5.0,5.0
180000.0,60.0,63.0,7875.0,7.0,5.0,2003.0,2003.0,0.0,0.0,0.0,783.0,783.0,807.0,702.0,0.0,1509.0,0.0,0.0,2.0,1.0,3.0,1.0,8.0,1.0,2003.0,2.0,393.0,0.0,75.0,0.0,0.0,0.0,0.0,0.0,7.0,2006.0,4.0,2.0,3.0,1.0,2.0,2.0,1.0,1.0,15.0,5.0,5.0,5.0,7.0,2.0,3.0,12.0,13.0,2.0,3.0,4.0,6.0,4.0,4.0,2.0,6.0,6.0,6.0,5.0,2.0,6.0,3.0,7.0,5.0,6.0,4.0,4.0,6.0,3.0,1.0,5.0,4.0,5.0,5.0
253293.0,20.0,98.0,12704.0,8.0,5.0,2008.0,2009.0,306.0,0.0,0.0,2042.0,2042.0,2042.0,0.0,0.0,2042.0,0.0,0.0,2.0,1.0,3.0,1.0,8.0,1.0,2009.0,3.0,1390.0,0.0,90.0,0.0,0.0,0.0,0.0,0.0,8.0,2009.0,4.0,2.0,3.0,1.0,2.0,2.0,1.0,1.0,24.0,5.0,5.0,5.0,6.0,5.0,3.0,12.0,13.0,3.0,4.0,4.0,6.0,5.0,4.0,2.0,6.0,6.0,6.0,5.0,2.0,6.0,4.0,7.0,5.0,6.0,3.0,4.0,6.0,3.0,1.0,5.0,4.0,9.0,6.0
176000.0,20.0,60.0,7024.0,4.0,5.0,2005.0,2005.0,0.0,1024.0,0.0,108.0,1132.0,1132.0,0.0,0.0,1132.0,1.0,0.0,1.0,1.0,2.0,1.0,5.0,0.0,2005.0,2.0,451.0,252.0,64.0,0.0,0.0,0.0,0.0,0.0,6.0,2008.0,4.0,2.0,3.0,1.0,2.0,2.0,1.0,1.0,5.0,5.0,5.0,5.0,6.0,2.0,3.0,12.0,13.0,2.0,2.0,4.0,6.0,4.0,4.0,2.0,7.0,6.0,6.0,5.0,2.0,6.0,3.0,7.0,2.0,6.0,4.0,4.0,6.0,3.0,1.0,5.0,4.0,5.0,5.0
142953.0,90.0,64.0,7018.0,5.0,5.0,1979.0,1979.0,0.0,0.0,0.0,0.0,0.0,1120.0,1120.0,0.0,2240.0,0.0,0.0,2.0,0.0,6.0,2.0,12.0,0.0,1979.0,2.0,528.0,154.0,0.0,0.0,0.0,0.0,0.0,0.0,6.0,2009.0,4.0,2.0,3.0,1.0,2.0,2.0,1.0,1.0,13.0,3.0,5.0,2.0,7.0,2.0,3.0,10.0,11.0,2.0,2.0,4.0,1.0,1.0,2.0,1.0,1.0,1.0,6.0,3.0,2.0,6.0,2.0,7.0,2.0,3.0,2.0,4.0,6.0,3.0,1.0,5.0,4.0,5.0,4.0
155000.0,20.0,85.0,10452.0,6.0,5.0,1953.0,1953.0,216.0,500.0,0.0,594.0,1094.0,1094.0,0.0,0.0,1094.0,0.0,0.0,1.0,0.0,3.0,1.0,5.0,2.0,1953.0,2.0,495.0,0.0,0.0,0.0,0.0,287.0,0.0,0.0,6.0,2008.0,4.0,2.0,3.0,2.0,2.0,2.0,1.0,1.0,5.0,5.0,5.0,5.0,6.0,5.0,3.0,6.0,5.0,4.0,2.0,4.0,3.0,3.0,4.0,3.0,2.0,6.0,6.0,5.0,2.0,6.0,2.0,7.0,5.0,6.0,3.0,4.0,6.0,3.0,1.0,5.0,4.0,5.0,5.0
165000.0,60.0,100.0,9500.0,6.0,6.0,1964.0,1978.0,272.0,442.0,0.0,374.0,816.0,1127.0,850.0,0.0,1977.0,0.0,1.0,1.0,1.0,4.0,1.0,9.0,1.0,1964.0,2.0,540.0,0.0,52.0,0.0,0.0,0.0,0.0,0.0,6.0,2007.0,4.0,2.0,3.0,1.0,2.0,2.0,3.0,1.0,11.0,1.0,5.0,5.0,7.0,2.0,3.0,12.0,13.0,1.0,2.0,4.0,3.0,3.0,4.0,2.0,2.0,6.0,6.0,3.0,2.0,6.0,2.0,7.0,4.0,6.0,3.0,4.0,6.0,3.0,1.0,4.0,4.0,5.0,5.0
84900.0,20.0,60.0,11100.0,4.0,7.0,1946.0,2006.0,0.0,0.0,0.0,0.0,0.0,930.0,0.0,0.0,930.0,0.0,0.0,1.0,0.0,2.0,1.0,6.0,0.0,1946.0,1.0,308.0,0.0,0.0,0.0,0.0,0.0,0.0,0.0,4.0,2010.0,4.0,2.0,3.0,1.0,3.0,2.0,1.0,1.0,5.0,5.0,5.0,5.0,6.0,2.0,3.0,5.0,6.0,2.0,2.0,4.0,3.0,1.0,2.0,1.0,1.0,1.0,6.0,5.0,2.0,6.0,3.0,7.0,2.0,3.0,2.0,4.0,6.0,3.0,1.0,5.0,4.0,5.0,2.0
80000.0,190.0,60.0,12180.0,4.0,4.0,1941.0,1950.0,0.0,348.0,0.0,324.0,672.0,672.0,252.0,0.0,924.0,1.0,0.0,1.0,0.0,2.0,1.0,5.0,0.0,1941.0,1.0,280.0,0.0,0.0,0.0,0.0,0.0,0.0,0.0,7.0,2010.0,4.0,2.0,3.0,1.0,2.0,2.0,1.0,1.0,5.0,5.0,5.0,1.0,3.0,2.0,3.0,5.0,6.0,2.0,2.0,2.0,2.0,4.0,4.0,2.0,3.0,6.0,2.0,2.0,1.0,4.0,1.0,7.0,2.0,3.0,2.0,4.0,6.0,3.0,1.0,3.0,4.0,5.0,5.0
140000.0,190.0,76.0,7630.0,5.0,9.0,1900.0,1996.0,0.0,0.0,0.0,360.0,360.0,1032.0,780.0,0.0,1812.0,0.0,0.0,2.0,0.0,4.0,2.0,8.0,1.0,1999.0,2.0,672.0,344.0,0.0,40.0,0.0,0.0,0.0,0.0,5.0,2010.0,2.0,2.0,3.0,1.0,2.0,2.0,1.0,1.0,6.0,3.0,5.0,1.0,7.0,2.0,3.0,6.0,5.0,2.0,2.0,3.0,2.0,4.0,4.0,2.0,6.0,6.0,6.0,4.0,2.0,6.0,3.0,7.0,1.0,3.0,2.0,4.0,6.0,1.0,1.0,3.0,4.0,5.0,5.0
125500.0,50.0,40.0,5436.0,4.0,8.0,1922.0,2007.0,0.0,735.0,0.0,61.0,796.0,796.0,358.0,0.0,1154.0,1.0,0.0,1.0,0.0,3.0,1.0,7.0,0.0,1922.0,1.0,240.0,0.0,96.0,0.0,0.0,0.0,0.0,0.0,5.0,2010.0,2.0,2.0,3.0,1.0,2.0,2.0,1.0,1.0,2.0,5.0,5.0,5.0,3.0,2.0,3.0,12.0,13.0,2.0,2.0,3.0,2.0,3.0,4.0,2.0,3.0,6.0,6.0,4.0,2.0,6.0,3.0,7.0,2.0,3.0,2.0,4.0,6.0,1.0,1.0,3.0,4.0,5.0,5.0
239500.0,60.0,80.0,9828.0,8.0,5.0,1995.0,1995.0,0.0,584.0,0.0,544.0,1128.0,1142.0,878.0,0.0,2020.0,0.0,0.0,2.0,1.0,3.0,1.0,8.0,1.0,1995.0,2.0,466.0,0.0,155.0,0.0,0.0,0.0,0.0,0.0,6.0,2009.0,4.0,2.0,3.0,2.0,2.0,2.0,1.0,1.0,13.0,5.0,5.0,5.0,7.0,2.0,3.0,12.0,13.0,2.0,3.0,4.0,6.0,4.0,4.0,2.0,7.0,6.0,6.0,5.0,2.0,6.0,3.0,7.0,4.0,6.0,3.0,4.0,6.0,3.0,1.0,5.0,4.0,5.0,5.0
148500.0,160.0,24.0,2280.0,6.0,6.0,1976.0,1976.0,0.0,566.0,0.0,289.0,855.0,855.0,601.0,0.0,1456.0,0.0,0.0,2.0,1.0,3.0,1.0,7.0,1.0,1976.0,2.0,440.0,87.0,0.0,0.0,0.0,0.0,0.0,0.0,7.0,2009.0,4.0,2.0,3.0,1.0,2.0,2.0,2.0,1.0,10.0,5.0,5.0,3.0,7.0,2.0,3.0,10.0,3.0,2.0,2.0,4.0,3.0,4.0,4.0,2.0,5.0,6.0,6.0,3.0,2.0,6.0,2.0,7.0,4.0,6.0,2.0,4.0,6.0,3.0,1.0,5.0,4.0,5.0,5.0
181000.0,60.0,100.0,10839.0,6.0,5.0,1997.0,1998.0,0.0,0.0,0.0,926.0,926.0,926.0,678.0,0.0,1604.0,0.0,0.0,2.0,1.0,3.0,1.0,7.0,1.0,1997.0,2.0,470.0,0.0,36.0,0.0,0.0,0.0,0.0,0.0,7.0,2008.0,4.0,2.0,3.0,2.0,2.0,2.0,3.0,1.0,15.0,5.0,5.0,5.0,7.0,2.0,3.0,12.0,13.0,2.0,2.0,4.0,6.0,4.0,4.0,2.0,6.0,6.0,6.0,5.0,2.0,6.0,2.0,7.0,4.0,6.0,4.0,4.0,6.0,3.0,1.0,5.0,4.0,5.0,5.0
369900.0,20.0,88.0,11443.0,8.0,5.0,2005.0,2006.0,208.0,1460.0,0.0,408.0,1868.0,2028.0,0.0,0.0,2028.0,1.0,0.0,2.0,0.0,2.0,1.0,7.0,2.0,2005.0,3.0,880.0,326.0,66.0,0.0,0.0,0.0,0.0,0.0,3.0,2006.0,4.0,2.0,3.0,1.0,2.0,2.0,1.0,1.0,22.0,5.0,5.0,5.0,6.0,5.0,3.0,12.0,13.0,3.0,3.0,4.0,6.0,5.0,4.0,5.0,7.0,6.0,6.0,5.0,2.0,6.0,3.0,7.0,5.0,6.0,3.0,4.0,6.0,3.0,1.0,5.0,4.0,9.0,6.0
155000.0,160.0,24.0,2308.0,6.0,6.0,1976.0,1976.0,0.0,556.0,0.0,248.0,804.0,804.0,744.0,0.0,1548.0,1.0,0.0,2.0,1.0,3.0,1.0,7.0,1.0,1976.0,2.0,440.0,48.0,0.0,0.0,0.0,0.0,0.0,0.0,7.0,2007.0,4.0,2.0,3.0,1.0,2.0,2.0,3.0,1.0,10.0,5.0,5.0,4.0,7.0,2.0,3.0,10.0,3.0,2.0,2.0,4.0,3.0,4.0,4.0,2.0,5.0,6.0,6.0,3.0,2.0,6.0,3.0,7.0,4.0,3.0,2.0,4.0,6.0,3.0,1.0,5.0,4.0,5.0,5.0
200100.0,70.0,54.0,7588.0,7.0,6.0,1920.0,1950.0,0.0,352.0,0.0,441.0,793.0,901.0,901.0,0.0,1802.0,0.0,0.0,1.0,1.0,4.0,1.0,9.0,1.0,1920.0,1.0,216.0,0.0,0.0,40.0,0.0,0.0,0.0,0.0,7.0,2006.0,4.0,2.0,3.0,1.0,2.0,2.0,1.0,1.0,18.0,5.0,5.0,5.0,7.0,2.0,3.0,8.0,7.0,2.0,2.0,4.0,2.0,2.0,4.0,2.0,4.0,6.0,6.0,4.0,2.0,6.0,2.0,7.0,5.0,3.0,2.0,3.0,6.0,3.0,1.0,5.0,4.0,5.0,5.0
213000.0,20.0,70.0,8400.0,7.0,5.0,2004.0,2005.0,109.0,712.0,0.0,761.0,1473.0,1484.0,0.0,0.0,1484.0,1.0,0.0,2.0,0.0,3.0,1.0,7.0,0.0,2004.0,2.0,606.0,0.0,35.0,0.0,144.0,0.0,0.0,0.0,5.0,2010.0,4.0,2.0,3.0,1.0,2.0,2.0,1.0,1.0,17.0,5.0,5.0,5.0,6.0,2.0,3.0,12.0,13.0,3.0,3.0,4.0,6.0,4.0,4.0,4.0,7.0,6.0,6.0,5.0,2.0,6.0,3.0,7.0,2.0,6.0,3.0,4.0,6.0,3.0,1.0,5.0,4.0,5.0,5.0
194000.0,20.0,74.0,8556.0,7.0,5.0,2006.0,2006.0,0.0,0.0,0.0,1240.0,1240.0,1240.0,0.0,0.0,1240.0,0.0,0.0,2.0,0.0,2.0,1.0,5.0,0.0,2006.0,3.0,826.0,140.0,93.0,0.0,0.0,0.0,0.0,0.0,5.0,2007.0,4.0,2.0,3.0,1.0,2.0,2.0,1.0,1.0,17.0,5.0,5.0,5.0,6.0,2.0,3.0,12.0,13.0,2.0,3.0,4.0,6.0,4.0,4.0,4.0,6.0,6.0,6.0,5.0,2.0,6.0,3.0,7.0,2.0,6.0,3.0,4.0,6.0,3.0,1.0,5.0,4.0,5.0,5.0
238000.0,60.0,103.0,13125.0,7.0,5.0,1991.0,1991.0,0.0,48.0,634.0,422.0,1104.0,912.0,1215.0,0.0,2127.0,1.0,0.0,2.0,1.0,4.0,1.0,8.0,1.0,1991.0,3.0,833.0,72.0,192.0,224.0,0.0,0.0,0.0,0.0,11.0,2007.0,4.0,2.0,3.0,2.0,2.0,2.0,3.0,1.0,13.0,5.0,5.0,5.0,7.0,2.0,3.0,9.0,10.0,2.0,3.0,4.0,6.0,5.0,4.0,3.0,3.0,5.0,6.0,5.0,2.0,6.0,3.0,7.0,4.0,6.0,3.0,4.0,6.0,3.0,1.0,4.0,4.0,5.0,5.0
215000.0,60.0,46.0,20544.0,7.0,6.0,1986.0,1991.0,123.0,0.0,0.0,791.0,791.0,1236.0,857.0,0.0,2093.0,0.0,0.0,2.0,1.0,3.0,1.0,7.0,1.0,1986.0,2.0,542.0,364.0,63.0,0.0,0.0,0.0,0.0,0.0,11.0,2008.0,4.0,2.0,3.0,2.0,2.0,2.0,5.0,1.0,14.0,5.0,5.0,5.0,7.0,2.0,3.0,10.0,11.0,3.0,2.0,3.0,3.0,4.0,4.0,2.0,6.0,6.0,6.0,4.0,2.0,6.0,2.0,7.0,4.0,6.0,4.0,4.0,6.0,3.0,1.0,3.0,4.0,5.0,5.0
114500.0,50.0,52.0,6240.0,6.0,6.0,1934.0,1950.0,0.0,0.0,0.0,816.0,816.0,816.0,0.0,360.0,1176.0,0.0,0.0,1.0,0.0,3.0,1.0,6.0,1.0,1985.0,2.0,528.0,112.0,0.0,0.0,0.0,0.0,0.0,400.0,9.0,2006.0,2.0,2.0,3.0,1.0,2.0,2.0,1.0,1.0,4.0,5.0,5.0,5.0,3.0,2.0,3.0,6.0,5.0,2.0,2.0,4.0,6.0,3.0,4.0,2.0,6.0,6.0,6.0,3.0,2.0,6.0,2.0,7.0,5.0,3.0,2.0,4.0,6.0,3.0,1.0,3.0,2.0,5.0,5.0
127000.0,20.0,60.0,7180.0,5.0,7.0,1972.0,1972.0,0.0,390.0,0.0,474.0,864.0,864.0,0.0,0.0,864.0,0.0,0.0,1.0,0.0,3.0,1.0,5.0,0.0,1989.0,1.0,352.0,0.0,0.0,0.0,0.0,0.0,0.0,0.0,5.0,2008.0,4.0,2.0,3.0,2.0,2.0,2.0,1.0,1.0,17.0,5.0,5.0,5.0,6.0,5.0,3.0,9.0,10.0,2.0,2.0,4.0,3.0,3.0,4.0,4.0,5.0,6.0,6.0,3.0,2.0,6.0,2.0,7.0,2.0,3.0,2.0,4.0,6.0,3.0,1.0,5.0,4.0,5.0,5.0
133900.0,190.0,60.0,7200.0,6.0,6.0,1910.0,1998.0,0.0,1046.0,0.0,168.0,1214.0,1260.0,1031.0,0.0,2291.0,0.0,1.0,2.0,0.0,4.0,2.0,9.0,1.0,1900.0,2.0,506.0,0.0,0.0,0.0,0.0,99.0,0.0,0.0,11.0,2007.0,1.0,2.0,3.0,1.0,2.0,2.0,3.0,1.0,6.0,5.0,5.0,1.0,4.0,5.0,3.0,5.0,6.0,2.0,2.0,4.0,2.0,3.0,3.0,3.0,2.0,6.0,5.0,5.0,1.0,6.0,2.0,7.0,5.0,3.0,2.0,4.0,6.0,3.0,1.0,5.0,4.0,5.0,5.0
239000.0,20.0,122.0,11923.0,9.0,5.0,2007.0,2007.0,0.0,0.0,0.0,1800.0,1800.0,1800.0,0.0,0.0,1800.0,0.0,0.0,2.0,0.0,2.0,1.0,7.0,0.0,2007.0,2.0,702.0,288.0,136.0,0.0,0.0,0.0,0.0,0.0,5.0,2009.0,4.0,2.0,3.0,2.0,2.0,2.0,3.0,1.0,17.0,5.0,5.0,5.0,6.0,2.0,3.0,12.0,13.0,2.0,3.0,4.0,6.0,5.0,4.0,2.0,6.0,6.0,6.0,5.0,2.0,6.0,4.0,7.0,2.0,6.0,4.0,4.0,6.0,3.0,1.0,5.0,4.0,5.0,5.0
232600.0,20.0,81.0,11216.0,8.0,5.0,2006.0,2006.0,0.0,0.0,0.0,1489.0,1489.0,1489.0,0.0,0.0,1489.0,0.0,0.0,2.0,0.0,3.0,1.0,7.0,1.0,2006.0,2.0,776.0,0.0,140.0,0.0,0.0,0.0,0.0,0.0,6.0,2006.0,5.0,2.0,3.0,1.0,2.0,2.0,1.0,1.0,20.0,5.0,5.0,5.0,6.0,2.0,3.0,12.0,13.0,2.0,3.0,4.0,6.0,4.0,5.0,2.0,6.0,6.0,6.0,5.0,2.0,6.0,3.0,7.0,5.0,6.0,3.0,4.0,6.0,3.0,1.0,5.0,4.0,9.0,6.0
129500.0,85.0,54.0,7244.0,5.0,7.0,1970.0,1970.0,0.0,619.0,0.0,149.0,768.0,768.0,0.0,0.0,768.0,1.0,0.0,1.0,0.0,2.0,1.0,5.0,0.0,1987.0,2.0,624.0,104.0,0.0,0.0,0.0,0.0,0.0,0.0,4.0,2007.0,4.0,2.0,3.0,1.0,2.0,2.0,1.0,1.0,12.0,5.0,5.0,5.0,2.0,2.0,3.0,12.0,13.0,2.0,2.0,3.0,3.0,4.0,4.0,4.0,5.0,6.0,6.0,5.0,2.0,6.0,2.0,7.0,2.0,3.0,2.0,4.0,6.0,3.0,1.0,5.0,4.0,5.0,5.0
153575.0,70.0,60.0,8730.0,6.0,7.0,1915.0,2003.0,0.0,0.0,0.0,698.0,698.0,698.0,698.0,0.0,1396.0,0.0,0.0,1.0,0.0,3.0,1.0,7.0,0.0,2003.0,1.0,384.0,0.0,0.0,0.0,0.0,259.0,0.0,0.0,7.0,2007.0,4.0,2.0,3.0,1.0,2.0,2.0,1.0,1.0,4.0,4.0,5.0,5.0,7.0,2.0,3.0,6.0,5.0,2.0,2.0,4.0,2.0,3.0,4.0,2.0,6.0,6.0,6.0,5.0,2.0,4.0,2.0,7.0,2.0,3.0,2.0,4.0,6.0,3.0,1.0,5.0,4.0,5.0,5.0
260000.0,60.0,90.0,9900.0,7.0,5.0,1993.0,1993.0,256.0,987.0,0.0,360.0,1347.0,1372.0,1274.0,0.0,2646.0,1.0,0.0,2.0,1.0,4.0,1.0,9.0,1.0,1993.0,3.0,656.0,340.0,60.0,144.0,0.0,0.0,0.0,0.0,4.0,2009.0,4.0,2.0,3.0,1.0,3.0,2.0,1.0,2.0,25.0,5.0,5.0,5.0,7.0,2.0,3.0,9.0,10.0,3.0,3.0,4.0,6.0,4.0,4.0,5.0,7.0,6.0,6.0,5.0,2.0,6.0,3.0,7.0,4.0,6.0,3.0,4.0,6.0,3.0,1.0,5.0,4.0,5.0,5.0
210000.0,20.0,65.0,8450.0,7.0,5.0,2004.0,2004.0,266.0,946.0,0.0,490.0,1436.0,1436.0,0.0,0.0,1436.0,1.0,0.0,2.0,0.0,3.0,1.0,8.0,0.0,2004.0,2.0,484.0,139.0,98.0,0.0,0.0,0.0,0.0,0.0,4.0,2008.0,4.0,2.0,3.0,1.0,2.0,2.0,1.0,1.0,17.0,5.0,5.0,5.0,6.0,2.0,3.0,12.0,13.0,3.0,3.0,4.0,6.0,4.0,4.0,3.0,7.0,6.0,6.0,5.0,2.0,6.0,3.0,7.0,2.0,6.0,2.0,4.0,6.0,3.0,1.0,5.0,4.0,5.0,5.0
125000.0,120.0,50.0,7175.0,6.0,5.0,1984.0,1984.0,0.0,623.0,121.0,0.0,744.0,752.0,0.0,0.0,752.0,1.0,0.0,1.0,0.0,2.0,1.0,4.0,0.0,1984.0,1.0,264.0,353.0,0.0,0.0,0.0,90.0,0.0,0.0,2.0,2010.0,4.0,2.0,3.0,1.0,2.0,2.0,1.0,1.0,13.0,5.0,5.0,4.0,6.0,2.0,3.0,10.0,11.0,2.0,2.0,4.0,3.0,4.0,4.0,2.0,5.0,3.0,6.0,3.0,2.0,6.0,2.0,7.0,2.0,6.0,2.0,4.0,6.0,3.0,1.0,3.0,4.0,5.0,5.0
125000.0,160.0,24.0,2368.0,5.0,6.0,1970.0,1970.0,312.0,765.0,0.0,0.0,765.0,765.0,600.0,0.0,1365.0,0.0,0.0,1.0,1.0,3.0,1.0,7.0,0.0,1970.0,2.0,440.0,0.0,36.0,0.0,0.0,0.0,0.0,0.0,5.0,2009.0,2.0,2.0,3.0,1.0,2.0,2.0,1.0,1.0,3.0,5.0,5.0,4.0,7.0,2.0,3.0,9.0,10.0,2.0,2.0,4.0,3.0,3.0,4.0,2.0,4.0,6.0,6.0,3.0,2.0,6.0,2.0,4.0,2.0,6.0,2.0,4.0,6.0,3.0,1.0,5.0,4.0,5.0,5.0
385000.0,20.0,114.0,14803.0,10.0,5.0,2007.0,2008.0,816.0,1636.0,0.0,442.0,2078.0,2084.0,0.0,0.0,2084.0,1.0,0.0,2.0,0.0,2.0,1.0,7.0,1.0,2007.0,3.0,1220.0,188.0,45.0,0.0,0.0,0.0,0.0,0.0,6.0,2008.0,4.0,2.0,3.0,1.0,2.0,2.0,1.0,1.0,24.0,8.0,7.0,5.0,6.0,5.0,3.0,13.0,14.0,3.0,4.0,4.0,6.0,5.0,4.0,4.0,7.0,6.0,6.0,5.0,2.0,6.0,4.0,7.0,5.0,6.0,4.0,4.0,6.0,3.0,1.0,5.0,4.0,9.0,6.0
188000.0,60.0,57.0,8924.0,7.0,5.0,1998.0,1999.0,0.0,0.0,0.0,880.0,880.0,880.0,844.0,0.0,1724.0,0.0,0.0,2.0,1.0,3.0,1.0,8.0,0.0,1998.0,2.0,527.0,120.0,155.0,0.0,0.0,0.0,0.0,0.0,7.0,2008.0,4.0,2.0,3.0,2.0,2.0,2.0,5.0,1.0,17.0,5.0,5.0,5.0,7.0,2.0,3.0,12.0,13.0,2.0,2.0,4.0,6.0,4.0,4.0,4.0,6.0,6.0,6.0,5.0,2.0,6.0,3.0,7.0,2.0,6.0,4.0,4.0,6.0,3.0,1.0,5.0,4.0,5.0,5.0
108500.0,30.0,50.0,6000.0,4.0,4.0,1920.0,1950.0,0.0,250.0,0.0,710.0,960.0,960.0,0.0,0.0,960.0,0.0,0.0,1.0,0.0,2.0,1.0,5.0,0.0,1997.0,1.0,308.0,0.0,0.0,168.0,0.0,0.0,0.0,0.0,7.0,2007.0,2.0,2.0,3.0,1.0,2.0,2.0,1.0,1.0,6.0,5.0,5.0,5.0,6.0,5.0,3.0,5.0,6.0,2.0,2.0,4.0,6.0,3.0,4.0,2.0,5.0,6.0,6.0,4.0,2.0,4.0,1.0,7.0,2.0,3.0,2.0,4.0,6.0,3.0,1.0,5.0,4.0,5.0,5.0
266000.0,60.0,84.0,10728.0,8.0,5.0,2006.0,2006.0,0.0,0.0,0.0,1095.0,1095.0,1095.0,844.0,0.0,1939.0,0.0,0.0,2.0,1.0,3.0,1.0,8.0,1.0,2006.0,3.0,1053.0,192.0,51.0,0.0,0.0,0.0,0.0,0.0,8.0,2006.0,5.0,2.0,3.0,1.0,2.0,2.0,1.0,1.0,20.0,5.0,5.0,5.0,7.0,2.0,3.0,12.0,13.0,2.0,3.0,4.0,6.0,4.0,4.0,3.0,6.0,6.0,6.0,4.0,2.0,6.0,3.0,7.0,5.0,6.0,3.0,4.0,6.0,3.0,1.0,5.0,4.0,9.0,6.0
135500.0,50.0,59.0,16466.0,5.0,7.0,1955.0,1955.0,0.0,0.0,0.0,816.0,816.0,872.0,521.0,0.0,1393.0,0.0,0.0,1.0,1.0,3.0,1.0,8.0,0.0,1955.0,1.0,300.0,121.0,0.0,0.0,0.0,265.0,0.0,0.0,4.0,2008.0,4.0,2.0,3.0,2.0,2.0,2.0,1.0,1.0,5.0,5.0,5.0,5.0,3.0,2.0,3.0,5.0,6.0,2.0,2.0,3.0,6.0,3.0,4.0,2.0,6.0,6.0,6.0,3.0,2.0,6.0,2.0,7.0,2.0,6.0,2.0,4.0,6.0,3.0,1.0,5.0,4.0,5.0,5.0
101800.0,90.0,70.0,9842.0,4.0,5.0,1962.0,1962.0,0.0,0.0,0.0,0.0,0.0,1224.0,0.0,0.0,1224.0,0.0,0.0,2.0,0.0,2.0,2.0,6.0,0.0,1962.0,2.0,462.0,0.0,0.0,0.0,0.0,0.0,0.0,0.0,3.0,2007.0,4.0,2.0,3.0,1.0,2.0,2.0,2.0,1.0,11.0,5.0,5.0,2.0,6.0,2.0,3.0,9.0,10.0,2.0,2.0,4.0,1.0,1.0,2.0,1.0,1.0,1.0,6.0,3.0,2.0,6.0,2.0,7.0,2.0,2.0,2.0,4.0,6.0,3.0,1.0,5.0,4.0,5.0,5.0
181500.0,20.0,80.0,9600.0,6.0,8.0,1976.0,1976.0,0.0,978.0,0.0,284.0,1262.0,1262.0,0.0,0.0,1262.0,0.0,1.0,2.0,0.0,3.0,1.0,6.0,1.0,1976.0,2.0,460.0,298.0,0.0,0.0,0.0,0.0,0.0,0.0,5.0,2007.0,4.0,2.0,3.0,1.0,2.0,2.0,2.0,1.0,21.0,3.0,5.0,5.0,6.0,2.0,3.0,5.0,6.0,2.0,2.0,4.0,3.0,4.0,4.0,5.0,5.0,6.0,6.0,5.0,2.0,6.0,2.0,7.0,4.0,6.0,3.0,4.0,6.0,3.0,1.0,5.0,4.0,5.0,5.0
144000.0,75.0,65.0,8850.0,7.0,6.0,1916.0,1950.0,0.0,0.0,0.0,815.0,815.0,815.0,875.0,0.0,1690.0,0.0,0.0,1.0,0.0,3.0,1.0,7.0,1.0,1916.0,1.0,225.0,0.0,0.0,330.0,0.0,0.0,0.0,0.0,7.0,2006.0,2.0,2.0,3.0,2.0,1.0,2.0,3.0,1.0,6.0,5.0,5.0,5.0,4.0,2.0,3.0,5.0,6.0,2.0,2.0,4.0,2.0,3.0,4.0,2.0,6.0,6.0,6.0,5.0,2.0,6.0,2.0,7.0,5.0,3.0,2.0,4.0,6.0,3.0,1.0,5.0,4.0,3.0,5.0
146500.0,70.0,79.0,9480.0,5.0,7.0,1942.0,1995.0,224.0,386.0,0.0,342.0,728.0,888.0,756.0,0.0,1644.0,0.0,0.0,1.0,1.0,3.0,1.0,7.0,2.0,1942.0,1.0,312.0,168.0,0.0,0.0,0.0,0.0,0.0,0.0,6.0,2007.0,4.0,2.0,3.0,1.0,2.0,2.0,1.0,1.0,11.0,1.0,5.0,5.0,7.0,2.0,3.0,5.0,6.0,4.0,2.0,4.0,3.0,3.0,4.0,2.0,4.0,6.0,6.0,5.0,2.0,6.0,3.0,7.0,5.0,6.0,2.0,4.0,6.0,3.0,1.0,5.0,4.0,5.0,5.0
133000.0,120.0,34.0,4058.0,7.0,5.0,1998.0,1998.0,182.0,584.0,139.0,0.0,723.0,767.0,0.0,0.0,767.0,1.0,0.0,1.0,0.0,1.0,1.0,4.0,0.0,1998.0,1.0,367.0,120.0,40.0,0.0,0.0,0.0,0.0,0.0,6.0,2007.0,3.0,2.0,3.0,1.0,2.0,2.0,1.0,1.0,11.0,5.0,5.0,4.0,2.0,2.0,3.0,5.0,6.0,3.0,2.0,4.0,6.0,4.0,4.0,4.0,7.0,3.0,6.0,5.0,2.0,6.0,2.0,7.0,2.0,6.0,4.0,4.0,6.0,3.0,1.0,5.0,4.0,5.0,5.0
297000.0,20.0,79.0,10637.0,8.0,5.0,2007.0,2008.0,336.0,1288.0,0.0,417.0,1705.0,1718.0,0.0,0.0,1718.0,1.0,0.0,2.0,0.0,3.0,1.0,7.0,1.0,2007.0,3.0,826.0,208.0,44.0,0.0,0.0,0.0,0.0,0.0,9.0,2009.0,4.0,2.0,3.0,1.0,2.0,2.0,1.0,1.0,17.0,5.0,5.0,5.0,6.0,5.0,3.0,12.0,13.0,4.0,3.0,4.0,6.0,5.0,4.0,5.0,7.0,6.0,6.0,5.0,2.0,6.0,3.0,7.0,5.0,6.0,3.0,4.0,6.0,3.0,1.0,5.0,4.0,5.0,5.0
213000.0,60.0,75.0,9317.0,7.0,5.0,1993.0,1993.0,137.0,513.0,0.0,227.0,740.0,1006.0,769.0,0.0,1775.0,1.0,0.0,2.0,1.0,3.0,1.0,7.0,1.0,1993.0,2.0,425.0,234.0,72.0,192.0,0.0,0.0,0.0,0.0,7.0,2009.0,4.0,2.0,3.0,1.0,2.0,2.0,1.0,1.0,13.0,5.0,5.0,5.0,7.0,2.0,3.0,9.0,10.0,3.0,3.0,4.0,6.0,4.0,4.0,2.0,5.0,6.0,6.0,5.0,2.0,6.0,3.0,7.0,4.0,6.0,2.0,4.0,6.0,3.0,1.0,5.0,4.0,5.0,5.0
104900.0,50.0,60.0,9738.0,5.0,7.0,1924.0,1950.0,0.0,392.0,0.0,392.0,784.0,949.0,272.0,0.0,1221.0,1.0,0.0,1.0,0.0,4.0,1.0,7.0,0.0,1965.0,1.0,392.0,0.0,0.0,236.0,0.0,0.0,0.0,0.0,3.0,2006.0,4.0,2.0,3.0,1.0,2.0,2.0,1.0,1.0,5.0,5.0,5.0,5.0,3.0,2.0,3.0,4.0,2.0,2.0,2.0,3.0,2.0,3.0,4.0,2.0,3.0,6.0,6.0,4.0,2.0,6.0,2.0,7.0,2.0,6.0,2.0,4.0,6.0,3.0,1.0,5.0,4.0,5.0,5.0
250580.0,20.0,72.0,8640.0,7.0,5.0,2007.0,2008.0,0.0,0.0,0.0,1372.0,1372.0,1372.0,0.0,0.0,1372.0,0.0,0.0,2.0,0.0,3.0,1.0,6.0,0.0,2008.0,2.0,529.0,0.0,140.0,0.0,0.0,0.0,0.0,0.0,5.0,2008.0,5.0,2.0,3.0,1.0,2.0,2.0,1.0,1.0,20.0,5.0,5.0,5.0,6.0,2.0,3.0,12.0,13.0,2.0,3.0,4.0,6.0,5.0,4.0,2.0,6.0,6.0,6.0,5.0,2.0,6.0,3.0,7.0,2.0,6.0,4.0,4.0,6.0,3.0,1.0,5.0,4.0,9.0,6.0
143000.0,50.0,85.0,14115.0,5.0,5.0,1993.0,1995.0,0.0,732.0,0.0,64.0,796.0,796.0,566.0,0.0,1362.0,1.0,0.0,1.0,1.0,1.0,1.0,5.0,0.0,1993.0,2.0,480.0,40.0,30.0,0.0,320.0,0.0,0.0,700.0,10.0,2009.0,4.0,2.0,3.0,2.0,2.0,2.0,1.0,1.0,12.0,5.0,5.0,5.0,3.0,2.0,3.0,12.0,13.0,2.0,2.0,4.0,5.0,4.0,4.0,2.0,7.0,6.0,6.0,5.0,2.0,6.0,2.0,7.0,2.0,6.0,2.0,4.0,6.0,3.0,1.0,3.0,2.0,5.0,5.0
137500.0,70.0,51.0,6120.0,5.0,8.0,1920.0,2004.0,0.0,0.0,0.0,939.0,939.0,939.0,574.0,0.0,1513.0,0.0,0.0,1.0,1.0,4.0,1.0,8.0,0.0,1933.0,1.0,180.0,24.0,0.0,150.0,0.0,0.0,0.0,0.0,5.0,2007.0,2.0,2.0,3.0,1.0,2.0,2.0,1.0,1.0,4.0,5.0,5.0,5.0,7.0,2.0,3.0,5.0,6.0,2.0,2.0,4.0,2.0,3.0,4.0,3.0,6.0,6.0,6.0,5.0,2.0,6.0,2.0,7.0,2.0,3.0,2.0,3.0,3.0,1.0,1.0,5.0,4.0,5.0,5.0
119000.0,20.0,60.0,7200.0,5.0,7.0,1950.0,1950.0,0.0,534.0,96.0,246.0,876.0,988.0,0.0,0.0,988.0,0.0,0.0,1.0,0.0,3.0,1.0,6.0,0.0,1950.0,1.0,276.0,0.0,80.0,0.0,0.0,0.0,0.0,0.0,5.0,2007.0,4.0,2.0,3.0,1.0,2.0,2.0,1.0,1.0,11.0,5.0,5.0,5.0,6.0,2.0,3.0,5.0,6.0,2.0,2.0,4.0,3.0,3.0,4.0,2.0,3.0,4.0,6.0,3.0,2.0,6.0,2.0,7.0,2.0,6.0,2.0,4.0,6.0,3.0,1.0,5.0,4.0,5.0,5.0
290000.0,20.0,85.0,10182.0,8.0,5.0,2006.0,2006.0,420.0,1220.0,0.0,440.0,1660.0,1660.0,0.0,0.0,1660.0,1.0,0.0,2.0,0.0,3.0,1.0,8.0,1.0,2006.0,2.0,500.0,322.0,50.0,0.0,0.0,0.0,0.0,0.0,5.0,2006.0,4.0,2.0,3.0,2.0,2.0,2.0,5.0,1.0,20.0,7.0,5.0,5.0,6.0,5.0,3.0,12.0,13.0,4.0,3.0,4.0,6.0,5.0,4.0,3.0,7.0,6.0,6.0,5.0,2.0,6.0,3.0,7.0,5.0,6.0,3.0,4.0,6.0,3.0,1.0,5.0,4.0,9.0,6.0
175000.0,50.0,60.0,7200.0,5.0,7.0,1937.0,1950.0,252.0,569.0,0.0,162.0,731.0,981.0,787.0,0.0,1768.0,1.0,0.0,1.0,1.0,3.0,1.0,7.0,2.0,1939.0,1.0,240.0,0.0,0.0,264.0,0.0,0.0,0.0,0.0,6.0,2007.0,4.0,2.0,3.0,1.0,2.0,2.0,3.0,1.0,9.0,3.0,5.0,5.0,3.0,2.0,3.0,6.0,5.0,3.0,2.0,4.0,2.0,4.0,4.0,2.0,5.0,6.0,6.0,5.0,2.0,6.0,3.0,7.0,4.0,3.0,2.0,4.0,6.0,3.0,1.0,3.0,4.0,5.0,5.0
278000.0,20.0,80.0,9600.0,8.0,5.0,1981.0,1981.0,0.0,1104.0,0.0,1420.0,2524.0,2524.0,0.0,0.0,2524.0,1.0,0.0,2.0,1.0,4.0,1.0,9.0,1.0,1981.0,2.0,542.0,474.0,120.0,0.0,0.0,0.0,0.0,0.0,7.0,2009.0,4.0,2.0,3.0,1.0,2.0,2.0,1.0,1.0,14.0,8.0,5.0,5.0,6.0,5.0,8.0,11.0,12.0,2.0,3.0,4.0,6.0,4.0,4.0,2.0,5.0,6.0,6.0,3.0,2.0,6.0,3.0,7.0,5.0,6.0,4.0,4.0,6.0,3.0,1.0,3.0,4.0,5.0,5.0
75000.0,160.0,21.0,2001.0,4.0,5.0,1970.0,1970.0,80.0,0.0,0.0,546.0,546.0,546.0,546.0,0.0,1092.0,0.0,0.0,1.0,1.0,3.0,1.0,6.0,0.0,1970.0,1.0,286.0,0.0,0.0,0.0,0.0,0.0,0.0,0.0,1.0,2007.0,2.0,2.0,3.0,1.0,2.0,2.0,1.0,1.0,1.0,5.0,5.0,3.0,7.0,2.0,3.0,13.0,14.0,3.0,2.0,4.0,3.0,3.0,4.0,2.0,6.0,6.0,6.0,2.0,2.0,6.0,2.0,7.0,2.0,6.0,2.0,4.0,6.0,3.0,1.0,5.0,4.0,5.0,5.0
190000.0,20.0,105.0,11751.0,6.0,6.0,1977.0,1977.0,480.0,705.0,0.0,1139.0,1844.0,1844.0,0.0,0.0,1844.0,0.0,0.0,2.0,0.0,3.0,1.0,7.0,1.0,1977.0,2.0,546.0,0.0,122.0,0.0,0.0,0.0,0.0,0.0,1.0,2010.0,4.0,2.0,3.0,2.0,2.0,2.0,1.0,1.0,14.0,5.0,5.0,5.0,6.0,5.0,3.0,10.0,11.0,3.0,2.0,4.0,3.0,4.0,4.0,2.0,3.0,6.0,6.0,5.0,2.0,6.0,2.0,7.0,4.0,6.0,3.0,4.0,6.0,3.0,1.0,3.0,4.0,4.0,5.0
148000.0,85.0,88.0,11782.0,5.0,7.0,1961.0,1995.0,0.0,899.0,0.0,210.0,1109.0,1155.0,0.0,0.0,1155.0,1.0,0.0,1.0,0.0,3.0,1.0,6.0,0.0,1987.0,2.0,576.0,192.0,0.0,0.0,0.0,0.0,0.0,400.0,6.0,2010.0,4.0,2.0,3.0,2.0,2.0,2.0,1.0,1.0,7.0,5.0,5.0,5.0,2.0,2.0,3.0,9.0,10.0,2.0,2.0,4.0,3.0,3.0,4.0,4.0,5.0,6.0,6.0,3.0,2.0,6.0,3.0,3.0,2.0,3.0,2.0,4.0,6.0,3.0,1.0,3.0,2.0,5.0,5.0
143000.0,20.0,65.0,25095.0,5.0,8.0,1968.0,2003.0,0.0,1324.0,0.0,113.0,1437.0,1473.0,0.0,0.0,1473.0,2.0,0.0,1.0,0.0,1.0,1.0,5.0,2.0,1968.0,1.0,452.0,0.0,48.0,0.0,0.0,60.0,0.0,0.0,6.0,2009.0,4.0,2.0,3.0,2.0,3.0,2.0,1.0,3.0,19.0,5.0,5.0,5.0,6.0,4.0,5.0,6.0,5.0,2.0,2.0,4.0,3.0,3.0,4.0,5.0,7.0,6.0,6.0,5.0,2.0,6.0,4.0,7.0,5.0,6.0,2.0,4.0,6.0,3.0,1.0,5.0,4.0,5.0,6.0
139400.0,45.0,57.0,7449.0,7.0,7.0,1930.0,1950.0,0.0,0.0,0.0,637.0,637.0,1108.0,0.0,0.0,1108.0,0.0,0.0,1.0,0.0,3.0,1.0,6.0,1.0,1930.0,1.0,280.0,0.0,0.0,205.0,0.0,0.0,0.0,0.0,6.0,2007.0,2.0,2.0,1.0,1.0,1.0,2.0,1.0,1.0,2.0,5.0,5.0,5.0,1.0,2.0,3.0,6.0,5.0,2.0,2.0,4.0,6.0,3.0,4.0,2.0,6.0,6.0,6.0,5.0,2.0,3.0,3.0,7.0,5.0,6.0,2.0,4.0,6.0,1.0,1.0,4.0,4.0,5.0,5.0
132500.0,50.0,50.0,6000.0,6.0,6.0,1939.0,1950.0,0.0,0.0,0.0,780.0,780.0,825.0,587.0,0.0,1412.0,0.0,0.0,1.0,0.0,4.0,1.0,6.0,1.0,1939.0,1.0,280.0,45.0,0.0,0.0,0.0,0.0,0.0,0.0,5.0,2009.0,2.0,2.0,3.0,1.0,2.0,2.0,1.0,1.0,4.0,5.0,5.0,5.0,3.0,2.0,3.0,5.0,6.0,2.0,2.0,2.0,3.0,3.0,4.0,2.0,6.0,6.0,6.0,5.0,2.0,3.0,2.0,7.0,5.0,3.0,2.0,4.0,6.0,3.0,1.0,5.0,4.0,5.0,5.0
144000.0,90.0,60.0,8400.0,5.0,5.0,1977.0,1977.0,320.0,0.0,0.0,0.0,0.0,2020.0,0.0,0.0,2020.0,0.0,0.0,2.0,0.0,4.0,2.0,10.0,2.0,1977.0,2.0,630.0,0.0,0.0,0.0,0.0,0.0,0.0,0.0,10.0,2007.0,3.0,2.0,3.0,1.0,2.0,2.0,1.0,1.0,13.0,3.0,5.0,2.0,6.0,2.0,3.0,10.0,11.0,3.0,2.0,4.0,1.0,1.0,2.0,1.0,1.0,1.0,6.0,3.0,2.0,6.0,2.0,7.0,4.0,3.0,2.0,4.0,6.0,3.0,1.0,5.0,4.0,5.0,5.0
134000.0,20.0,71.0,9187.0,6.0,5.0,1983.0,1983.0,0.0,336.0,0.0,748.0,1084.0,1080.0,0.0,0.0,1080.0,0.0,0.0,1.0,1.0,3.0,1.0,5.0,0.0,1983.0,2.0,484.0,120.0,0.0,158.0,0.0,0.0,0.0,0.0,6.0,2007.0,4.0,2.0,3.0,1.0,1.0,2.0,3.0,1.0,12.0,5.0,5.0,5.0,6.0,2.0,3.0,12.0,13.0,2.0,2.0,3.0,6.0,3.0,4.0,2.0,5.0,6.0,6.0,3.0,2.0,6.0,2.0,7.0,2.0,6.0,2.0,4.0,6.0,3.0,1.0,5.0,4.0,5.0,5.0
155000.0,20.0,88.0,13125.0,5.0,4.0,1957.0,2000.0,67.0,168.0,682.0,284.0,1134.0,1803.0,0.0,0.0,1803.0,1.0,0.0,2.0,0.0,3.0,1.0,8.0,1.0,1957.0,2.0,484.0,0.0,0.0,0.0,0.0,0.0,0.0,0.0,1.0,2006.0,4.0,2.0,3.0,1.0,2.0,2.0,3.0,1.0,7.0,5.0,5.0,5.0,6.0,2.0,3.0,6.0,5.0,1.0,2.0,4.0,3.0,3.0,4.0,2.0,2.0,2.0,6.0,5.0,2.0,6.0,2.0,5.0,4.0,6.0,3.0,4.0,6.0,3.0,1.0,4.0,4.0,5.0,5.0
219500.0,60.0,65.0,8200.0,7.0,5.0,2003.0,2004.0,0.0,0.0,0.0,847.0,847.0,847.0,1081.0,0.0,1928.0,0.0,0.0,2.0,1.0,4.0,1.0,8.0,1.0,2003.0,2.0,434.0,100.0,48.0,0.0,0.0,0.0,0.0,0.0,7.0,2007.0,4.0,2.0,3.0,1.0,2.0,2.0,1.0,1.0,17.0,5.0,5.0,5.0,7.0,2.0,3.0,12.0,13.0,2.0,3.0,4.0,6.0,4.0,4.0,2.0,6.0,6.0,6.0,5.0,2.0,6.0,3.0,7.0,5.0,7.0,4.0,4.0,6.0,3.0,1.0,5.0,4.0,5.0,5.0
340000.0,60.0,102.0,11143.0,8.0,5.0,2004.0,2005.0,0.0,0.0,0.0,1580.0,1580.0,1580.0,886.0,0.0,2466.0,0.0,0.0,3.0,0.0,4.0,1.0,8.0,1.0,2004.0,2.0,610.0,159.0,214.0,0.0,0.0,0.0,0.0,0.0,12.0,2007.0,5.0,2.0,3.0,2.0,2.0,2.0,3.0,1.0,20.0,5.0,5.0,5.0,7.0,2.0,3.0,13.0,14.0,2.0,3.0,4.0,6.0,4.0,4.0,2.0,6.0,6.0,6.0,5.0,2.0,6.0,3.0,7.0,5.0,6.0,3.0,4.0,6.0,3.0,1.0,5.0,4.0,5.0,5.0
130000.0,20.0,65.0,7800.0,5.0,7.0,1967.0,2004.0,89.0,450.0,0.0,414.0,864.0,899.0,0.0,0.0,899.0,0.0,0.0,1.0,0.0,3.0,1.0,5.0,0.0,1967.0,1.0,288.0,64.0,0.0,0.0,0.0,0.0,0.0,0.0,6.0,2009.0,4.0,2.0,3.0,1.0,2.0,2.0,1.0,1.0,7.0,5.0,5.0,5.0,6.0,5.0,3.0,9.0,10.0,3.0,2.0,4.0,6.0,3.0,4.0,2.0,5.0,6.0,6.0,5.0,2.0,6.0,3.0,7.0,2.0,6.0,4.0,4.0,6.0,3.0,1.0,3.0,4.0,5.0,5.0
320000.0,60.0,90.0,12376.0,7.0,5.0,1990.0,1990.0,0.0,1470.0,0.0,203.0,1673.0,1699.0,1523.0,0.0,3222.0,1.0,0.0,3.0,0.0,5.0,1.0,11.0,2.0,1990.0,3.0,594.0,367.0,0.0,0.0,0.0,0.0,0.0,0.0,5.0,2010.0,4.0,2.0,3.0,1.0,2.0,2.0,3.0,1.0,13.0,5.0,5.0,5.0,7.0,5.0,3.0,10.0,11.0,2.0,2.0,4.0,6.0,4.0,4.0,3.0,7.0,6.0,6.0,4.0,2.0,6.0,3.0,7.0,4.0,6.0,2.0,4.0,6.0,3.0,1.0,5.0,4.0,5.0,5.0
169500.0,60.0,69.0,7590.0,5.0,5.0,1962.0,1962.0,288.0,540.0,0.0,324.0,864.0,876.0,936.0,0.0,1812.0,0.0,0.0,2.0,0.0,4.0,1.0,8.0,1.0,1962.0,1.0,264.0,0.0,168.0,0.0,0.0,0.0,0.0,0.0,7.0,2007.0,4.0,2.0,3.0,1.0,2.0,2.0,1.0,1.0,11.0,8.0,5.0,5.0,7.0,2.0,3.0,12.0,13.0,3.0,2.0,4.0,3.0,3.0,4.0,2.0,5.0,6.0,6.0,3.0,2.0,6.0,2.0,7.0,4.0,6.0,3.0,4.0,6.0,3.0,1.0,5.0,4.0,5.0,5.0
96500.0,45.0,55.0,10594.0,5.0,5.0,1926.0,1950.0,0.0,0.0,0.0,768.0,768.0,789.0,0.0,0.0,789.0,0.0,0.0,1.0,0.0,2.0,1.0,5.0,0.0,1926.0,1.0,200.0,0.0,0.0,112.0,0.0,0.0,0.0,0.0,6.0,2007.0,4.0,2.0,3.0,1.0,2.0,2.0,1.0,1.0,18.0,5.0,5.0,5.0,1.0,2.0,3.0,6.0,5.0,2.0,2.0,4.0,2.0,3.0,4.0,2.0,6.0,6.0,2.0,2.0,1.0,6.0,2.0,7.0,2.0,3.0,2.0,1.0,2.0,3.0,1.0,3.0,4.0,5.0,5.0
180500.0,70.0,60.0,13515.0,6.0,6.0,1919.0,1950.0,0.0,0.0,0.0,764.0,764.0,1060.0,764.0,0.0,1824.0,0.0,0.0,1.0,0.0,3.0,1.0,8.0,1.0,1940.0,2.0,520.0,0.0,0.0,126.0,0.0,0.0,0.0,0.0,7.0,2007.0,4.0,2.0,2.0,1.0,2.0,2.0,1.0,1.0,4.0,5.0,5.0,5.0,7.0,1.0,3.0,6.0,5.0,2.0,2.0,4.0,6.0,3.0,4.0,2.0,6.0,6.0,6.0,5.0,2.0,4.0,2.0,7.0,5.0,3.0,2.0,4.0,6.0,1.0,1.0,4.0,4.0,5.0,5.0
220000.0,20.0,95.0,12182.0,7.0,5.0,2005.0,2005.0,226.0,1201.0,0.0,340.0,1541.0,1541.0,0.0,0.0,1541.0,0.0,0.0,2.0,0.0,3.0,1.0,7.0,1.0,2005.0,2.0,532.0,0.0,70.0,0.0,0.0,0.0,0.0,0.0,5.0,2010.0,4.0,2.0,3.0,1.0,2.0,2.0,3.0,1.0,24.0,5.0,5.0,5.0,6.0,2.0,3.0,12.0,13.0,3.0,3.0,4.0,6.0,4.0,4.0,3.0,3.0,6.0,6.0,5.0,2.0,6.0,3.0,7.0,5.0,6.0,3.0,4.0,6.0,3.0,1.0,5.0,4.0,9.0,6.0
127500.0,20.0,70.0,9100.0,6.0,6.0,1959.0,1959.0,0.0,612.0,0.0,252.0,864.0,864.0,0.0,0.0,864.0,0.0,0.0,1.0,0.0,2.0,1.0,5.0,0.0,2008.0,1.0,300.0,0.0,0.0,0.0,0.0,0.0,0.0,450.0,10.0,2009.0,4.0,2.0,3.0,1.0,2.0,2.0,1.0,1.0,11.0,5.0,5.0,5.0,6.0,5.0,3.0,6.0,5.0,2.0,2.0,4.0,3.0,3.0,4.0,2.0,2.0,6.0,6.0,5.0,2.0,6.0,2.0,7.0,2.0,3.0,2.0,6.0,4.0,3.0,1.0,5.0,2.0,5.0,5.0
193000.0,60.0,68.0,9179.0,7.0,5.0,1999.0,1999.0,158.0,633.0,0.0,240.0,873.0,882.0,908.0,0.0,1790.0,1.0,0.0,2.0,1.0,3.0,1.0,7.0,0.0,1999.0,2.0,588.0,0.0,88.0,0.0,0.0,0.0,0.0,0.0,6.0,2008.0,4.0,2.0,3.0,2.0,2.0,2.0,1.0,1.0,17.0,5.0,5.0,5.0,7.0,2.0,3.0,12.0,13.0,3.0,3.0,4.0,6.0,4.0,4.0,2.0,7.0,6.0,6.0,5.0,2.0,6.0,3.0,7.0,2.0,6.0,3.0,4.0,6.0,3.0,1.0,5.0,4.0,5.0,2.0
154000.0,160.0,36.0,2448.0,7.0,5.0,2003.0,2004.0,106.0,573.0,0.0,191.0,764.0,764.0,862.0,0.0,1626.0,1.0,0.0,2.0,1.0,2.0,1.0,6.0,0.0,2003.0,2.0,474.0,0.0,27.0,0.0,0.0,0.0,0.0,0.0,10.0,2008.0,4.0,2.0,3.0,1.0,2.0,2.0,1.0,1.0,24.0,5.0,5.0,3.0,7.0,2.0,3.0,12.0,9.0,4.0,3.0,4.0,6.0,4.0,4.0,2.0,7.0,6.0,6.0,5.0,2.0,6.0,3.0,7.0,2.0,7.0,3.0,4.0,6.0,3.0,1.0,5.0,4.0,5.0,5.0
99500.0,120.0,55.0,7892.0,6.0,5.0,1979.0,1979.0,0.0,0.0,0.0,918.0,918.0,918.0,0.0,0.0,918.0,0.0,0.0,2.0,0.0,2.0,1.0,5.0,1.0,1979.0,1.0,264.0,28.0,0.0,0.0,0.0,0.0,0.0,0.0,4.0,2010.0,4.0,2.0,3.0,1.0,2.0,2.0,1.0,1.0,13.0,5.0,5.0,4.0,6.0,2.0,3.0,10.0,11.0,2.0,2.0,4.0,3.0,4.0,4.0,2.0,6.0,6.0,6.0,3.0,2.0,6.0,2.0,7.0,4.0,6.0,2.0,4.0,6.0,3.0,1.0,5.0,4.0,5.0,5.0
230500.0,60.0,106.0,11194.0,8.0,5.0,2000.0,2000.0,40.0,0.0,0.0,1406.0,1406.0,1454.0,482.0,0.0,1936.0,0.0,0.0,2.0,1.0,3.0,1.0,7.0,1.0,2000.0,2.0,504.0,188.0,124.0,0.0,0.0,0.0,0.0,0.0,11.0,2006.0,4.0,2.0,3.0,2.0,2.0,2.0,3.0,1.0,15.0,5.0,5.0,5.0,7.0,2.0,3.0,12.0,13.0,3.0,3.0,4.0,6.0,4.0,4.0,2.0,6.0,6.0,6.0,5.0,2.0,6.0,3.0,7.0,4.0,6.0,3.0,4.0,6.0,3.0,1.0,5.0,4.0,5.0,5.0
109900.0,30.0,40.0,4800.0,4.0,7.0,1916.0,1990.0,0.0,197.0,0.0,999.0,1196.0,1196.0,0.0,0.0,1196.0,1.0,0.0,1.0,0.0,2.0,1.0,5.0,0.0,1957.0,2.0,440.0,0.0,0.0,0.0,0.0,0.0,0.0,0.0,7.0,2007.0,2.0,2.0,3.0,1.0,2.0,2.0,1.0,1.0,2.0,5.0,5.0,5.0,6.0,2.0,3.0,5.0,6.0,2.0,2.0,4.0,3.0,3.0,4.0,2.0,4.0,6.0,6.0,5.0,2.0,4.0,2.0,7.0,2.0,3.0,2.0,4.0,6.0,3.0,1.0,5.0,4.0,5.0,5.0
194000.0,20.0,64.0,7406.0,7.0,5.0,2006.0,2006.0,84.0,684.0,0.0,515.0,1199.0,1220.0,0.0,0.0,1220.0,1.0,0.0,2.0,0.0,2.0,1.0,6.0,0.0,2006.0,2.0,632.0,105.0,54.0,0.0,0.0,0.0,0.0,0.0,7.0,2006.0,4.0,2.0,3.0,1.0,2.0,2.0,1.0,1.0,17.0,5.0,5.0,5.0,6.0,2.0,3.0,12.0,13.0,4.0,3.0,4.0,6.0,4.0,4.0,4.0,7.0,6.0,6.0,5.0,2.0,6.0,3.0,7.0,2.0,6.0,3.0,4.0,6.0,3.0,1.0,5.0,4.0,9.0,6.0
403000.0,60.0,174.0,15138.0,8.0,5.0,1995.0,1996.0,506.0,689.0,0.0,773.0,1462.0,1490.0,1304.0,0.0,2794.0,1.0,0.0,2.0,1.0,4.0,1.0,9.0,1.0,1995.0,3.0,810.0,0.0,146.0,202.0,0.0,0.0,0.0,0.0,7.0,2009.0,4.0,2.0,3.0,2.0,2.0,2.0,1.0,1.0,25.0,5.0,5.0,5.0,7.0,2.0,3.0,12.0,13.0,3.0,3.0,4.0,6.0,4.0,4.0,2.0,7.0,6.0,6.0,5.0,2.0,6.0,4.0,7.0,4.0,6.0,4.0,4.0,6.0,3.0,1.0,5.0,4.0,5.0,5.0
172500.0,160.0,34.0,3230.0,6.0,5.0,1999.0,1999.0,894.0,381.0,0.0,348.0,729.0,742.0,729.0,0.0,1471.0,0.0,0.0,2.0,1.0,3.0,1.0,6.0,0.0,1999.0,2.0,440.0,0.0,24.0,0.0,0.0,0.0,0.0,0.0,3.0,2009.0,5.0,2.0,2.0,1.0,2.0,2.0,1.0,1.0,20.0,5.0,5.0,4.0,7.0,2.0,3.0,5.0,6.0,3.0,2.0,4.0,6.0,4.0,4.0,2.0,7.0,6.0,6.0,4.0,2.0,6.0,2.0,7.0,2.0,3.0,2.0,4.0,6.0,3.0,1.0,5.0,4.0,5.0,5.0
139000.0,20.0,80.0,8816.0,5.0,6.0,1963.0,1963.0,0.0,651.0,0.0,470.0,1121.0,1121.0,0.0,0.0,1121.0,1.0,0.0,1.0,0.0,3.0,1.0,5.0,0.0,1963.0,2.0,480.0,0.0,80.0,0.0,0.0,0.0,0.0,0.0,6.0,2009.0,4.0,2.0,3.0,1.0,2.0,2.0,3.0,1.0,7.0,3.0,5.0,5.0,6.0,2.0,3.0,12.0,13.0,2.0,2.0,4.0,6.0,3.0,4.0,2.0,2.0,6.0,6.0,3.0,2.0,6.0,2.0,7.0,2.0,3.0,2.0,4.0,6.0,3.0,1.0,3.0,4.0,5.0,5.0
175500.0,20.0,80.0,9600.0,7.0,6.0,1973.0,1973.0,320.0,916.0,0.0,326.0,1242.0,1242.0,0.0,0.0,1242.0,0.0,0.0,1.0,1.0,3.0,1.0,6.0,1.0,1973.0,2.0,528.0,0.0,0.0,0.0,0.0,0.0,0.0,0.0,9.0,2007.0,4.0,2.0,3.0,1.0,2.0,2.0,1.0,1.0,14.0,5.0,5.0,5.0,6.0,5.0,3.0,9.0,10.0,3.0,2.0,4.0,3.0,3.0,4.0,2.0,5.0,6.0,6.0,2.0,2.0,6.0,2.0,7.0,4.0,6.0,2.0,4.0,6.0,3.0,1.0,5.0,4.0,5.0,5.0
178000.0,60.0,77.0,9206.0,6.0,5.0,1985.0,1985.0,336.0,0.0,0.0,741.0,741.0,977.0,755.0,0.0,1732.0,0.0,0.0,2.0,1.0,3.0,1.0,7.0,1.0,1985.0,2.0,476.0,192.0,46.0,0.0,0.0,0.0,0.0,0.0,6.0,2010.0,4.0,2.0,3.0,1.0,2.0,2.0,1.0,1.0,13.0,5.0,5.0,5.0,7.0,2.0,3.0,9.0,10.0,3.0,3.0,4.0,3.0,4.0,4.0,2.0,6.0,6.0,6.0,3.0,2.0,6.0,3.0,7.0,4.0,6.0,4.0,4.0,6.0,3.0,1.0,5.0,4.0,5.0,5.0
194700.0,120.0,61.0,7577.0,6.0,5.0,2005.0,2006.0,256.0,20.0,0.0,1342.0,1362.0,1362.0,0.0,0.0,1362.0,0.0,0.0,2.0,0.0,2.0,1.0,6.0,1.0,2005.0,2.0,460.0,192.0,28.0,0.0,0.0,0.0,0.0,0.0,6.0,2007.0,4.0,2.0,3.0,2.0,2.0,2.0,3.0,1.0,24.0,5.0,5.0,4.0,6.0,2.0,3.0,12.0,13.0,4.0,3.0,4.0,6.0,4.0,4.0,4.0,5.0,6.0,6.0,5.0,2.0,6.0,3.0,7.0,5.0,6.0,3.0,4.0,6.0,3.0,1.0,5.0,4.0,5.0,5.0
180000.0,60.0,72.0,11317.0,7.0,5.0,2003.0,2003.0,101.0,0.0,0.0,840.0,840.0,840.0,828.0,0.0,1668.0,0.0,0.0,2.0,1.0,3.0,1.0,8.0,0.0,2003.0,2.0,500.0,144.0,68.0,0.0,0.0,0.0,0.0,0.0,9.0,2007.0,4.0,2.0,3.0,1.0,2.0,2.0,1.0,1.0,17.0,5.0,5.0,5.0,7.0,2.0,3.0,12.0,13.0,3.0,3.0,4.0,6.0,4.0,4.0,2.0,6.0,6.0,6.0,5.0,2.0,6.0,3.0,7.0,2.0,6.0,3.0,4.0,6.0,3.0,1.0,5.0,4.0,5.0,5.0
159434.0,50.0,55.0,4500.0,5.0,5.0,1932.0,2000.0,0.0,182.0,0.0,611.0,793.0,848.0,672.0,0.0,1520.0,0.0,0.0,1.0,0.0,3.0,1.0,6.0,0.0,1968.0,1.0,281.0,0.0,0.0,56.0,0.0,0.0,0.0,0.0,7.0,2009.0,3.0,2.0,2.0,4.0,1.0,2.0,1.0,1.0,9.0,5.0,5.0,5.0,3.0,2.0,3.0,12.0,7.0,2.0,2.0,4.0,2.0,3.0,4.0,2.0,2.0,6.0,6.0,5.0,2.0,6.0,2.0,7.0,2.0,3.0,2.0,4.0,6.0,3.0,1.0,5.0,4.0,5.0,2.0
124000.0,160.0,24.0,1300.0,6.0,6.0,1980.0,1980.0,0.0,285.0,0.0,276.0,561.0,561.0,668.0,0.0,1229.0,0.0,0.0,1.0,1.0,2.0,1.0,5.0,1.0,1980.0,2.0,462.0,150.0,0.0,0.0,0.0,0.0,0.0,0.0,5.0,2009.0,2.0,2.0,3.0,1.0,2.0,2.0,1.0,1.0,8.0,5.0,5.0,4.0,7.0,2.0,3.0,5.0,6.0,2.0,2.0,4.0,3.0,4.0,4.0,2.0,5.0,6.0,6.0,3.0,2.0,6.0,2.0,7.0,4.0,6.0,4.0,4.0,6.0,3.0,1.0,4.0,4.0,5.0,5.0
127000.0,20.0,66.0,7742.0,5.0,7.0,1966.0,1966.0,0.0,763.0,0.0,192.0,955.0,955.0,0.0,0.0,955.0,1.0,0.0,1.0,0.0,3.0,1.0,6.0,0.0,1966.0,1.0,386.0,0.0,0.0,0.0,0.0,0.0,0.0,0.0,1.0,2007.0,4.0,2.0,3.0,1.0,2.0,2.0,1.0,1.0,7.0,5.0,5.0,5.0,6.0,2.0,3.0,9.0,10.0,2.0,2.0,4.0,3.0,3.0,4.0,2.0,3.0,6.0,6.0,5.0,2.0,6.0,2.0,7.0,2.0,6.0,2.0,4.0,6.0,3.0,1.0,3.0,4.0,5.0,5.0
205000.0,50.0,55.0,7264.0,7.0,7.0,1925.0,2007.0,0.0,0.0,0.0,952.0,952.0,952.0,596.0,0.0,1548.0,0.0,0.0,2.0,1.0,3.0,1.0,5.0,0.0,1978.0,2.0,672.0,74.0,0.0,0.0,0.0,144.0,0.0,0.0,10.0,2009.0,4.0,2.0,3.0,1.0,2.0,2.0,1.0,1.0,4.0,5.0,5.0,5.0,3.0,2.0,3.0,6.0,5.0,2.0,3.0,3.0,2.0,3.0,4.0,2.0,6.0,6.0,5.0,4.0,1.0,6.0,4.0,7.0,2.0,3.0,2.0,4.0,6.0,3.0,1.0,5.0,4.0,5.0,5.0
211000.0,60.0,97.0,10029.0,6.0,5.0,1988.0,1989.0,268.0,831.0,0.0,320.0,1151.0,1164.0,896.0,0.0,2060.0,0.0,1.0,2.0,1.0,4.0,1.0,8.0,1.0,1988.0,2.0,521.0,0.0,228.0,0.0,0.0,192.0,0.0,0.0,9.0,2007.0,4.0,2.0,3.0,2.0,2.0,2.0,3.0,1.0,19.0,5.0,5.0,5.0,7.0,2.0,3.0,10.0,11.0,3.0,3.0,4.0,6.0,4.0,4.0,2.0,7.0,6.0,6.0,3.0,2.0,6.0,2.0,7.0,4.0,6.0,2.0,4.0,6.0,3.0,1.0,5.0,4.0,5.0,5.0
112000.0,50.0,70.0,11767.0,4.0,7.0,1910.0,2000.0,0.0,0.0,0.0,560.0,560.0,796.0,550.0,0.0,1346.0,0.0,0.0,1.0,1.0,2.0,1.0,6.0,0.0,1950.0,1.0,384.0,168.0,24.0,0.0,0.0,0.0,0.0,0.0,5.0,2007.0,4.0,2.0,3.0,1.0,2.0,2.0,1.0,1.0,5.0,5.0,5.0,5.0,7.0,2.0,3.0,5.0,10.0,2.0,2.0,4.0,3.0,2.0,4.0,2.0,6.0,6.0,6.0,4.0,1.0,6.0,2.0,3.0,2.0,3.0,2.0,3.0,6.0,3.0,1.0,2.0,4.0,5.0,5.0
141500.0,50.0,51.0,6120.0,5.0,6.0,1936.0,1950.0,0.0,0.0,0.0,927.0,927.0,1067.0,472.0,0.0,1539.0,0.0,0.0,1.0,1.0,3.0,1.0,5.0,0.0,1995.0,2.0,576.0,112.0,0.0,0.0,0.0,0.0,0.0,0.0,4.0,2009.0,2.0,2.0,3.0,1.0,2.0,2.0,3.0,1.0,4.0,5.0,5.0,5.0,3.0,2.0,3.0,6.0,5.0,2.0,2.0,2.0,2.0,3.0,4.0,2.0,6.0,6.0,6.0,3.0,2.0,6.0,2.0,7.0,2.0,3.0,2.0,4.0,6.0,3.0,1.0,3.0,4.0,5.0,5.0
194500.0,20.0,64.0,7314.0,7.0,5.0,2007.0,2007.0,82.0,724.0,0.0,508.0,1232.0,1232.0,0.0,0.0,1232.0,1.0,0.0,2.0,0.0,2.0,1.0,6.0,0.0,2007.0,2.0,632.0,132.0,0.0,0.0,0.0,0.0,0.0,0.0,2.0,2009.0,4.0,2.0,3.0,1.0,2.0,2.0,1.0,1.0,17.0,5.0,5.0,5.0,6.0,2.0,3.0,12.0,13.0,4.0,3.0,4.0,6.0,4.0,4.0,4.0,7.0,6.0,6.0,5.0,2.0,6.0,3.0,7.0,2.0,6.0,3.0,4.0,6.0,3.0,1.0,5.0,4.0,5.0,5.0
226000.0,60.0,88.0,14200.0,7.0,6.0,1966.0,1966.0,309.0,445.0,0.0,479.0,924.0,1216.0,941.0,0.0,2157.0,0.0,0.0,2.0,1.0,4.0,1.0,8.0,2.0,1966.0,2.0,487.0,105.0,66.0,0.0,0.0,0.0,0.0,0.0,5.0,2006.0,4.0,2.0,3.0,1.0,2.0,2.0,3.0,1.0,11.0,5.0,5.0,5.0,7.0,2.0,3.0,5.0,6.0,3.0,2.0,4.0,3.0,3.0,4.0,2.0,2.0,6.0,6.0,5.0,2.0,6.0,3.0,7.0,5.0,6.0,4.0,4.0,6.0,3.0,1.0,4.0,4.0,5.0,5.0
262500.0,20.0,75.0,9000.0,8.0,5.0,2008.0,2008.0,36.0,1078.0,0.0,488.0,1566.0,1566.0,0.0,0.0,1566.0,1.0,0.0,2.0,0.0,3.0,1.0,7.0,0.0,2008.0,2.0,750.0,144.0,168.0,0.0,0.0,0.0,0.0,0.0,4.0,2010.0,5.0,2.0,3.0,1.0,2.0,2.0,1.0,1.0,20.0,5.0,5.0,5.0,6.0,2.0,3.0,12.0,13.0,4.0,3.0,4.0,6.0,4.0,4.0,4.0,7.0,6.0,6.0,5.0,2.0,6.0,3.0,7.0,2.0,6.0,3.0,4.0,6.0,3.0,1.0,5.0,4.0,5.0,5.0
108000.0,30.0,60.0,10200.0,5.0,8.0,1940.0,1997.0,0.0,0.0,0.0,672.0,672.0,672.0,0.0,0.0,672.0,0.0,0.0,1.0,0.0,2.0,1.0,4.0,0.0,1940.0,1.0,240.0,168.0,0.0,0.0,0.0,0.0,0.0,0.0,8.0,2008.0,4.0,2.0,3.0,1.0,2.0,2.0,1.0,1.0,7.0,5.0,5.0,5.0,6.0,2.0,3.0,6.0,5.0,2.0,2.0,4.0,6.0,3.0,4.0,2.0,6.0,6.0,6.0,5.0,2.0,6.0,2.0,7.0,2.0,3.0,2.0,4.0,6.0,1.0,1.0,4.0,4.0,5.0,5.0
176000.0,20.0,63.0,7875.0,7.0,5.0,1995.0,1996.0,38.0,0.0,0.0,1237.0,1237.0,1253.0,0.0,0.0,1253.0,0.0,0.0,2.0,0.0,3.0,1.0,6.0,1.0,1995.0,2.0,402.0,220.0,21.0,0.0,0.0,0.0,0.0,0.0,6.0,2007.0,4.0,2.0,3.0,1.0,2.0,2.0,1.0,1.0,15.0,5.0,5.0,5.0,6.0,2.0,3.0,9.0,10.0,3.0,2.0,4.0,6.0,4.0,5.0,2.0,6.0,6.0,6.0,4.0,2.0,6.0,2.0,7.0,4.0,6.0,4.0,4.0,6.0,3.0,1.0,5.0,4.0,5.0,5.0
102776.0,50.0,66.0,8712.0,4.0,7.0,1900.0,1950.0,0.0,0.0,0.0,859.0,859.0,859.0,319.0,0.0,1178.0,0.0,0.0,1.0,0.0,2.0,1.0,7.0,0.0,1964.0,1.0,384.0,68.0,0.0,98.0,0.0,0.0,0.0,0.0,1.0,2010.0,1.0,2.0,2.0,1.0,4.0,2.0,1.0,2.0,2.0,5.0,5.0,5.0,3.0,2.0,3.0,5.0,6.0,2.0,2.0,4.0,4.0,3.0,4.0,3.0,6.0,6.0,6.0,4.0,2.0,6.0,2.0,7.0,2.0,3.0,3.0,4.0,6.0,1.0,1.0,5.0,4.0,5.0,2.0
315500.0,20.0,89.0,12898.0,9.0,5.0,2007.0,2008.0,70.0,1022.0,0.0,598.0,1620.0,1620.0,0.0,0.0,1620.0,1.0,0.0,2.0,0.0,2.0,1.0,6.0,1.0,2008.0,3.0,912.0,228.0,0.0,0.0,0.0,0.0,0.0,0.0,9.0,2009.0,4.0,2.0,3.0,2.0,4.0,2.0,1.0,1.0,22.0,5.0,5.0,5.0,6.0,5.0,3.0,12.0,13.0,4.0,3.0,4.0,6.0,5.0,4.0,5.0,7.0,6.0,6.0,5.0,2.0,6.0,4.0,7.0,6.0,6.0,4.0,4.0,6.0,3.0,1.0,5.0,4.0,5.0,5.0
189000.0,60.0,60.0,7500.0,7.0,5.0,1999.0,1999.0,0.0,0.0,0.0,994.0,994.0,1028.0,776.0,0.0,1804.0,0.0,0.0,2.0,1.0,3.0,1.0,7.0,1.0,1999.0,2.0,442.0,140.0,60.0,0.0,0.0,0.0,0.0,0.0,6.0,2010.0,4.0,2.0,3.0,1.0,2.0,2.0,1.0,1.0,15.0,5.0,5.0,5.0,7.0,2.0,3.0,12.0,13.0,2.0,2.0,4.0,6.0,3.0,4.0,2.0,6.0,6.0,6.0,4.0,2.0,6.0,3.0,7.0,4.0,6.0,4.0,4.0,6.0,3.0,1.0,5.0,4.0,5.0,5.0
254000.0,120.0,48.0,6240.0,8.0,5.0,2006.0,2006.0,176.0,863.0,0.0,461.0,1324.0,1324.0,0.0,0.0,1324.0,1.0,0.0,2.0,0.0,2.0,1.0,6.0,1.0,2006.0,2.0,550.0,192.0,38.0,0.0,0.0,0.0,0.0,0.0,12.0,2009.0,4.0,2.0,3.0,1.0,2.0,2.0,1.0,1.0,24.0,5.0,5.0,4.0,6.0,5.0,3.0,5.0,6.0,3.0,3.0,4.0,6.0,4.0,4.0,2.0,7.0,6.0,6.0,5.0,2.0,6.0,3.0,7.0,5.0,6.0,4.0,4.0,6.0,3.0,1.0,5.0,4.0,5.0,5.0
315000.0,60.0,80.0,9200.0,8.0,5.0,1998.0,1998.0,473.0,986.0,0.0,484.0,1470.0,1470.0,1160.0,0.0,2630.0,1.0,0.0,2.0,1.0,4.0,1.0,8.0,1.0,1998.0,3.0,696.0,0.0,66.0,0.0,0.0,0.0,0.0,0.0,6.0,2008.0,4.0,2.0,3.0,1.0,2.0,2.0,1.0,1.0,25.0,5.0,5.0,5.0,7.0,2.0,3.0,12.0,13.0,3.0,3.0,4.0,6.0,4.0,4.0,2.0,7.0,6.0,6.0,4.0,2.0,6.0,3.0,7.0,4.0,6.0,4.0,4.0,6.0,3.0,1.0,5.0,4.0,5.0,5.0
119000.0,50.0,50.0,8405.0,5.0,8.0,1900.0,1950.0,0.0,241.0,391.0,229.0,861.0,961.0,406.0,0.0,1367.0,1.0,0.0,1.0,0.0,4.0,1.0,7.0,0.0,1978.0,1.0,384.0,0.0,130.0,112.0,0.0,0.0,0.0,0.0,4.0,2008.0,4.0,2.0,1.0,1.0,2.0,2.0,1.0,1.0,5.0,5.0,5.0,5.0,3.0,2.0,3.0,5.0,6.0,2.0,2.0,4.0,2.0,3.0,5.0,2.0,2.0,2.0,6.0,5.0,2.0,6.0,2.0,7.0,2.0,3.0,2.0,4.0,6.0,3.0,1.0,3.0,4.0,5.0,5.0
136500.0,50.0,60.0,8400.0,6.0,5.0,1925.0,1950.0,0.0,423.0,0.0,758.0,1181.0,1390.0,304.0,0.0,1694.0,0.0,0.0,2.0,0.0,4.0,1.0,7.0,1.0,1925.0,2.0,576.0,342.0,0.0,128.0,0.0,0.0,0.0,0.0,6.0,2008.0,4.0,2.0,3.0,1.0,1.0,2.0,1.0,1.0,9.0,5.0,5.0,5.0,3.0,2.0,3.0,5.0,6.0,2.0,2.0,4.0,6.0,3.0,4.0,2.0,2.0,6.0,6.0,2.0,2.0,6.0,2.0,7.0,5.0,3.0,2.0,4.0,6.0,3.0,1.0,5.0,4.0,5.0,5.0
122500.0,190.0,60.0,11340.0,4.0,6.0,1885.0,1950.0,0.0,0.0,0.0,777.0,777.0,1246.0,1044.0,0.0,2290.0,0.0,0.0,2.0,0.0,4.0,2.0,11.0,0.0,1971.0,2.0,560.0,0.0,0.0,114.0,0.0,0.0,0.0,0.0,4.0,2010.0,2.0,2.0,3.0,1.0,2.0,2.0,1.0,1.0,6.0,5.0,5.0,1.0,7.0,2.0,3.0,12.0,2.0,2.0,2.0,4.0,6.0,3.0,4.0,2.0,6.0,6.0,6.0,4.0,2.0,6.0,2.0,7.0,2.0,3.0,2.0,4.0,6.0,1.0,1.0,5.0,4.0,5.0,5.0
342643.0,60.0,111.0,16259.0,9.0,5.0,2006.0,2006.0,370.0,0.0,0.0,1249.0,1249.0,1249.0,1347.0,0.0,2596.0,0.0,0.0,3.0,1.0,4.0,1.0,9.0,0.0,2006.0,3.0,840.0,240.0,154.0,0.0,0.0,0.0,0.0,0.0,9.0,2006.0,4.0,2.0,3.0,1.0,2.0,2.0,3.0,1.0,24.0,5.0,5.0,5.0,7.0,2.0,3.0,12.0,13.0,4.0,2.0,4.0,6.0,5.0,5.0,4.0,6.0,6.0,6.0,5.0,2.0,6.0,3.0,7.0,2.0,6.0,3.0,4.0,6.0,3.0,1.0,5.0,4.0,9.0,6.0
81000.0,30.0,120.0,18000.0,3.0,4.0,1935.0,1950.0,0.0,0.0,0.0,894.0,894.0,894.0,0.0,0.0,894.0,0.0,0.0,1.0,0.0,2.0,1.0,6.0,0.0,1994.0,3.0,1248.0,0.0,20.0,0.0,0.0,0.0,0.0,560.0,8.0,2008.0,1.0,1.0,3.0,1.0,3.0,2.0,1.0,1.0,2.0,5.0,5.0,5.0,6.0,2.0,3.0,5.0,6.0,2.0,1.0,4.0,3.0,3.0,4.0,2.0,6.0,6.0,6.0,3.0,2.0,6.0,2.0,7.0,2.0,3.0,3.0,4.0,6.0,3.0,1.0,5.0,2.0,2.0,5.0
95000.0,190.0,107.0,10615.0,3.0,5.0,1900.0,1970.0,0.0,440.0,0.0,538.0,978.0,1014.0,685.0,0.0,1699.0,1.0,0.0,2.0,0.0,3.0,2.0,7.0,0.0,1920.0,2.0,420.0,0.0,74.0,0.0,0.0,0.0,0.0,0.0,8.0,2009.0,4.0,2.0,3.0,2.0,1.0,2.0,3.0,2.0,6.0,1.0,2.0,1.0,7.0,2.0,3.0,9.0,10.0,2.0,2.0,4.0,3.0,2.0,4.0,3.0,3.0,6.0,6.0,3.0,2.0,6.0,2.0,7.0,2.0,2.0,2.0,3.0,3.0,3.0,1.0,5.0,4.0,5.0,2.0
367294.0,120.0,65.0,8769.0,9.0,5.0,2008.0,2008.0,766.0,1540.0,0.0,162.0,1702.0,1702.0,0.0,0.0,1702.0,1.0,0.0,1.0,1.0,1.0,1.0,7.0,1.0,2008.0,3.0,1052.0,0.0,72.0,0.0,0.0,224.0,0.0,0.0,10.0,2008.0,4.0,2.0,3.0,1.0,2.0,2.0,3.0,1.0,24.0,5.0,5.0,4.0,6.0,5.0,3.0,5.0,6.0,3.0,4.0,4.0,6.0,5.0,4.0,2.0,7.0,6.0,6.0,5.0,2.0,6.0,4.0,7.0,5.0,6.0,4.0,4.0,6.0,3.0,1.0,5.0,4.0,9.0,6.0
128500.0,20.0,120.0,9560.0,5.0,7.0,1972.0,1972.0,0.0,360.0,0.0,504.0,864.0,864.0,0.0,0.0,864.0,0.0,0.0,1.0,0.0,3.0,1.0,5.0,0.0,1972.0,1.0,288.0,0.0,0.0,0.0,0.0,0.0,0.0,0.0,6.0,2006.0,4.0,2.0,3.0,2.0,2.0,2.0,3.0,1.0,17.0,5.0,5.0,5.0,6.0,5.0,3.0,5.0,6.0,2.0,2.0,3.0,3.0,3.0,4.0,3.0,2.0,6.0,6.0,5.0,2.0,6.0,2.0,7.0,2.0,6.0,3.0,4.0,6.0,3.0,1.0,5.0,4.0,5.0,5.0
402000.0,60.0,52.0,46589.0,8.0,7.0,1994.0,2005.0,528.0,1361.0,180.0,88.0,1629.0,1686.0,762.0,0.0,2448.0,1.0,0.0,2.0,1.0,4.0,1.0,8.0,1.0,1994.0,3.0,711.0,517.0,76.0,0.0,0.0,0.0,0.0,0.0,7.0,2009.0,4.0,2.0,3.0,4.0,2.0,2.0,5.0,1.0,25.0,5.0,5.0,5.0,7.0,5.0,3.0,12.0,13.0,3.0,3.0,4.0,6.0,4.0,5.0,2.0,7.0,4.0,6.0,5.0,2.0,6.0,3.0,7.0,4.0,6.0,3.0,4.0,6.0,3.0,1.0,5.0,4.0,5.0,5.0
135000.0,50.0,60.0,10320.0,6.0,7.0,1906.0,1995.0,0.0,0.0,0.0,756.0,756.0,756.0,713.0,0.0,1469.0,0.0,0.0,1.0,0.0,3.0,1.0,7.0,0.0,1906.0,1.0,216.0,57.0,0.0,239.0,0.0,0.0,0.0,0.0,6.0,2008.0,2.0,2.0,1.0,1.0,2.0,2.0,1.0,1.0,2.0,5.0,5.0,5.0,3.0,2.0,3.0,5.0,6.0,2.0,2.0,4.0,3.0,3.0,4.0,2.0,6.0,6.0,6.0,5.0,2.0,6.0,2.0,7.0,2.0,3.0,2.0,4.0,6.0,3.0,1.0,3.0,4.0,5.0,5.0
174000.0,20.0,80.0,10400.0,7.0,6.0,1970.0,1970.0,288.0,0.0,0.0,1304.0,1304.0,1682.0,0.0,0.0,1682.0,0.0,0.0,2.0,0.0,3.0,1.0,7.0,1.0,1970.0,2.0,530.0,98.0,0.0,0.0,0.0,0.0,0.0,0.0,5.0,2008.0,4.0,2.0,3.0,1.0,2.0,2.0,1.0,1.0,14.0,5.0,5.0,5.0,6.0,5.0,3.0,10.0,11.0,3.0,2.0,4.0,6.0,3.0,4.0,2.0,6.0,6.0,6.0,4.0,2.0,6.0,2.0,7.0,5.0,6.0,2.0,4.0,6.0,3.0,1.0,3.0,4.0,5.0,5.0
154500.0,20.0,70.0,8414.0,6.0,8.0,1963.0,2003.0,0.0,663.0,0.0,396.0,1059.0,1068.0,0.0,0.0,1068.0,0.0,1.0,1.0,0.0,3.0,1.0,6.0,0.0,1963.0,1.0,264.0,192.0,0.0,0.0,0.0,0.0,0.0,0.0,2.0,2006.0,4.0,2.0,3.0,1.0,2.0,2.0,1.0,1.0,7.0,5.0,5.0,5.0,6.0,5.0,3.0,9.0,10.0,2.0,2.0,4.0,3.0,3.0,4.0,2.0,7.0,6.0,6.0,3.0,2.0,6.0,2.0,7.0,2.0,6.0,3.0,4.0,6.0,3.0,1.0,3.0,4.0,5.0,5.0
89471.0,30.0,50.0,5925.0,4.0,7.0,1937.0,2000.0,435.0,168.0,0.0,739.0,907.0,1131.0,0.0,0.0,1131.0,0.0,0.0,1.0,0.0,2.0,1.0,7.0,0.0,1995.0,2.0,672.0,0.0,72.0,0.0,0.0,0.0,0.0,0.0,3.0,2007.0,2.0,2.0,3.0,1.0,1.0,2.0,1.0,1.0,6.0,5.0,5.0,5.0,6.0,5.0,3.0,8.0,7.0,1.0,2.0,4.0,2.0,2.0,4.0,2.0,2.0,6.0,6.0,3.0,2.0,6.0,2.0,7.0,2.0,3.0,2.0,4.0,6.0,3.0,1.0,3.0,4.0,5.0,4.0
205000.0,20.0,118.0,13704.0,7.0,5.0,2001.0,2002.0,150.0,0.0,0.0,1541.0,1541.0,1541.0,0.0,0.0,1541.0,0.0,0.0,2.0,0.0,3.0,1.0,6.0,1.0,2001.0,3.0,843.0,468.0,81.0,0.0,0.0,0.0,0.0,0.0,1.0,2006.0,4.0,2.0,3.0,2.0,2.0,2.0,3.0,1.0,17.0,5.0,5.0,5.0,6.0,2.0,3.0,12.0,13.0,3.0,3.0,4.0,6.0,4.0,4.0,2.0,6.0,6.0,6.0,5.0,2.0,6.0,3.0,7.0,4.0,6.0,3.0,4.0,6.0,3.0,1.0,5.0,4.0,5.0,5.0
144152.0,160.0,30.0,3180.0,7.0,5.0,2005.0,2005.0,0.0,0.0,0.0,600.0,600.0,520.0,600.0,80.0,1200.0,0.0,0.0,2.0,1.0,2.0,1.0,4.0,0.0,2005.0,2.0,480.0,0.0,166.0,0.0,0.0,0.0,0.0,0.0,4.0,2006.0,5.0,2.0,2.0,1.0,2.0,2.0,1.0,1.0,20.0,5.0,5.0,4.0,7.0,2.0,3.0,5.0,6.0,2.0,3.0,4.0,6.0,4.0,4.0,2.0,6.0,6.0,6.0,5.0,2.0,6.0,3.0,7.0,2.0,3.0,3.0,4.0,6.0,3.0,1.0,5.0,4.0,5.0,2.0
316600.0,50.0,79.0,12327.0,8.0,8.0,1983.0,2009.0,0.0,1441.0,0.0,55.0,1496.0,1496.0,636.0,0.0,2132.0,1.0,0.0,1.0,1.0,1.0,1.0,5.0,1.0,1983.0,2.0,612.0,349.0,40.0,0.0,0.0,0.0,0.0,0.0,9.0,2009.0,4.0,2.0,3.0,2.0,3.0,2.0,1.0,2.0,13.0,5.0,5.0,5.0,3.0,2.0,3.0,6.0,5.0,2.0,3.0,4.0,3.0,4.0,4.0,5.0,7.0,6.0,6.0,5.0,2.0,6.0,3.0,3.0,5.0,7.0,4.0,5.0,6.0,3.0,1.0,5.0,4.0,5.0,5.0
142000.0,20.0,65.0,8450.0,5.0,6.0,1968.0,1968.0,0.0,775.0,0.0,281.0,1056.0,1056.0,0.0,0.0,1056.0,1.0,0.0,1.0,0.0,3.0,1.0,6.0,1.0,1968.0,1.0,304.0,0.0,85.0,184.0,0.0,0.0,0.0,0.0,7.0,2010.0,4.0,2.0,3.0,1.0,2.0,2.0,1.0,1.0,11.0,5.0,5.0,5.0,6.0,2.0,3.0,12.0,13.0,2.0,2.0,4.0,3.0,3.0,4.0,2.0,3.0,6.0,6.0,5.0,2.0,6.0,2.0,7.0,3.0,6.0,2.0,4.0,6.0,3.0,1.0,5.0,4.0,5.0,5.0
82000.0,20.0,74.0,10206.0,3.0,3.0,1952.0,1952.0,0.0,0.0,0.0,0.0,0.0,944.0,0.0,0.0,944.0,0.0,0.0,1.0,0.0,2.0,1.0,4.0,0.0,1956.0,2.0,528.0,0.0,0.0,0.0,0.0,0.0,0.0,0.0,7.0,2009.0,4.0,2.0,3.0,1.0,2.0,2.0,3.0,1.0,5.0,5.0,5.0,5.0,6.0,4.0,5.0,1.0,3.0,2.0,2.0,4.0,1.0,1.0,2.0,1.0,1.0,1.0,5.0,2.0,1.0,3.0,1.0,4.0,2.0,3.0,2.0,4.0,3.0,3.0,1.0,5.0,4.0,5.0,5.0
287090.0,20.0,78.0,9262.0,8.0,5.0,2008.0,2009.0,194.0,0.0,0.0,1573.0,1573.0,1578.0,0.0,0.0,1578.0,0.0,0.0,2.0,0.0,3.0,1.0,7.0,1.0,2008.0,3.0,840.0,0.0,36.0,0.0,0.0,0.0,0.0,0.0,5.0,2009.0,4.0,2.0,3.0,1.0,2.0,2.0,1.0,1.0,20.0,5.0,5.0,5.0,6.0,2.0,3.0,13.0,14.0,4.0,3.0,4.0,6.0,4.0,4.0,2.0,6.0,6.0,6.0,5.0,2.0,6.0,4.0,7.0,5.0,6.0,4.0,4.0,6.0,3.0,1.0,5.0,4.0,9.0,6.0
280000.0,20.0,62.0,70761.0,7.0,5.0,1975.0,1975.0,0.0,655.0,0.0,878.0,1533.0,1533.0,0.0,0.0,1533.0,1.0,0.0,2.0,0.0,2.0,1.0,5.0,2.0,1975.0,2.0,576.0,200.0,54.0,0.0,0.0,0.0,0.0,0.0,12.0,2006.0,4.0,2.0,3.0,2.0,3.0,2.0,1.0,2.0,19.0,5.0,5.0,5.0,6.0,2.0,8.0,10.0,11.0,2.0,2.0,4.0,3.0,4.0,4.0,5.0,5.0,6.0,6.0,3.0,2.0,6.0,3.0,7.0,4.0,6.0,2.0,4.0,6.0,3.0,1.0,5.0,4.0,5.0,5.0
140000.0,120.0,53.0,4043.0,6.0,6.0,1977.0,1977.0,0.0,559.0,0.0,510.0,1069.0,1069.0,0.0,0.0,1069.0,0.0,0.0,2.0,0.0,2.0,1.0,4.0,0.0,1977.0,2.0,440.0,0.0,55.0,0.0,0.0,200.0,0.0,0.0,10.0,2008.0,4.0,2.0,3.0,1.0,2.0,2.0,1.0,1.0,10.0,5.0,5.0,4.0,6.0,2.0,3.0,10.0,11.0,2.0,2.0,4.0,3.0,4.0,4.0,2.0,5.0,6.0,6.0,3.0,2.0,6.0,2.0,7.0,2.0,6.0,3.0,4.0,6.0,3.0,1.0,5.0,4.0,4.0,2.0
169000.0,50.0,50.0,9638.0,6.0,7.0,1919.0,1990.0,0.0,0.0,0.0,804.0,804.0,1699.0,748.0,0.0,2447.0,0.0,0.0,2.0,0.0,4.0,1.0,10.0,1.0,1969.0,1.0,336.0,272.0,0.0,42.0,0.0,116.0,0.0,0.0,3.0,2010.0,4.0,2.0,3.0,1.0,2.0,2.0,1.0,1.0,9.0,3.0,5.0,5.0,3.0,2.0,3.0,6.0,9.0,2.0,2.0,4.0,6.0,3.0,4.0,2.0,6.0,6.0,6.0,5.0,2.0,6.0,3.0,3.0,5.0,3.0,2.0,4.0,6.0,3.0,1.0,5.0,4.0,5.0,5.0
220000.0,60.0,80.0,10041.0,8.0,5.0,1992.0,1992.0,0.0,789.0,0.0,119.0,908.0,927.0,988.0,0.0,1915.0,1.0,0.0,2.0,1.0,3.0,1.0,8.0,1.0,1992.0,2.0,506.0,120.0,150.0,0.0,0.0,0.0,0.0,0.0,2.0,2006.0,4.0,2.0,3.0,2.0,2.0,2.0,1.0,1.0,13.0,5.0,5.0,5.0,7.0,2.0,3.0,9.0,10.0,2.0,3.0,4.0,6.0,4.0,4.0,3.0,7.0,6.0,6.0,5.0,2.0,6.0,3.0,7.0,4.0,6.0,4.0,4.0,6.0,3.0,1.0,5.0,4.0,5.0,2.0
134000.0,20.0,55.0,8250.0,5.0,5.0,1968.0,1968.0,0.0,250.0,492.0,210.0,952.0,1211.0,0.0,0.0,1211.0,0.0,0.0,1.0,0.0,3.0,1.0,5.0,1.0,1968.0,1.0,322.0,0.0,63.0,0.0,0.0,0.0,0.0,0.0,8.0,2008.0,4.0,2.0,3.0,1.0,2.0,2.0,1.0,1.0,7.0,3.0,5.0,5.0,6.0,5.0,3.0,9.0,10.0,2.0,2.0,4.0,3.0,3.0,4.0,2.0,3.0,3.0,6.0,5.0,2.0,6.0,2.0,7.0,4.0,6.0,2.0,4.0,6.0,3.0,1.0,5.0,4.0,5.0,5.0
179200.0,120.0,50.0,8012.0,6.0,5.0,1992.0,1992.0,0.0,430.0,0.0,1145.0,1575.0,1575.0,0.0,0.0,1575.0,1.0,0.0,2.0,0.0,2.0,1.0,5.0,0.0,1992.0,2.0,529.0,0.0,0.0,52.0,0.0,0.0,0.0,0.0,7.0,2007.0,4.0,2.0,3.0,1.0,2.0,2.0,1.0,1.0,13.0,5.0,5.0,4.0,6.0,2.0,3.0,10.0,15.0,2.0,3.0,4.0,6.0,4.0,4.0,2.0,7.0,6.0,6.0,4.0,2.0,6.0,3.0,7.0,2.0,6.0,3.0,4.0,6.0,3.0,1.0,5.0,4.0,5.0,5.0
214000.0,20.0,70.0,9135.0,7.0,5.0,2002.0,2003.0,113.0,810.0,0.0,726.0,1536.0,1536.0,0.0,0.0,1536.0,1.0,0.0,2.0,0.0,3.0,1.0,7.0,0.0,2002.0,2.0,532.0,192.0,74.0,0.0,0.0,0.0,0.0,0.0,12.0,2008.0,4.0,2.0,3.0,1.0,2.0,2.0,1.0,1.0,17.0,5.0,5.0,5.0,6.0,2.0,3.0,12.0,13.0,3.0,3.0,4.0,6.0,4.0,4.0,4.0,7.0,6.0,6.0,5.0,2.0,6.0,3.0,7.0,2.0,6.0,3.0,4.0,6.0,3.0,1.0,5.0,4.0,5.0,5.0
209500.0,120.0,34.0,4590.0,8.0,5.0,2006.0,2006.0,108.0,24.0,0.0,1530.0,1554.0,1554.0,0.0,0.0,1554.0,0.0,0.0,2.0,0.0,2.0,1.0,6.0,1.0,2006.0,2.0,627.0,156.0,73.0,0.0,0.0,0.0,0.0,0.0,8.0,2007.0,4.0,2.0,3.0,1.0,2.0,2.0,1.0,1.0,24.0,5.0,5.0,3.0,6.0,2.0,3.0,12.0,13.0,4.0,3.0,4.0,6.0,4.0,5.0,3.0,7.0,6.0,6.0,5.0,2.0,6.0,3.0,7.0,5.0,6.0,3.0,4.0,6.0,3.0,1.0,5.0,4.0,5.0,5.0
232000.0,20.0,73.0,8688.0,7.0,5.0,2005.0,2005.0,228.0,0.0,0.0,1616.0,1616.0,1616.0,0.0,0.0,1616.0,0.0,0.0,2.0,0.0,3.0,1.0,7.0,0.0,2005.0,3.0,834.0,208.0,59.0,0.0,0.0,0.0,0.0,0.0,4.0,2006.0,4.0,2.0,3.0,1.0,2.0,2.0,1.0,1.0,20.0,5.0,5.0,5.0,6.0,2.0,3.0,12.0,13.0,3.0,3.0,4.0,6.0,4.0,4.0,4.0,6.0,6.0,6.0,5.0,2.0,6.0,3.0,7.0,2.0,6.0,3.0,4.0,6.0,3.0,1.0,5.0,4.0,5.0,5.0
171000.0,80.0,76.0,9880.0,6.0,6.0,1977.0,1977.0,0.0,522.0,0.0,574.0,1096.0,1118.0,0.0,0.0,1118.0,1.0,0.0,1.0,0.0,3.0,1.0,6.0,1.0,1977.0,1.0,358.0,203.0,0.0,0.0,0.0,0.0,576.0,0.0,7.0,2008.0,4.0,2.0,3.0,1.0,2.0,2.0,1.0,1.0,12.0,5.0,5.0,5.0,5.0,2.0,3.0,10.0,11.0,2.0,2.0,4.0,3.0,3.0,4.0,4.0,5.0,6.0,6.0,3.0,2.0,6.0,2.0,7.0,1.0,6.0,4.0,4.0,6.0,3.0,2.0,4.0,4.0,5.0,5.0
167500.0,20.0,73.0,9300.0,5.0,5.0,1960.0,1960.0,324.0,697.0,0.0,571.0,1268.0,1264.0,0.0,0.0,1264.0,1.0,0.0,1.0,0.0,3.0,1.0,6.0,2.0,1960.0,2.0,461.0,0.0,0.0,0.0,0.0,143.0,0.0,0.0,4.0,2010.0,4.0,2.0,3.0,1.0,2.0,2.0,1.0,1.0,11.0,3.0,5.0,5.0,6.0,2.0,3.0,5.0,10.0,3.0,2.0,4.0,3.0,3.0,4.0,2.0,2.0,6.0,6.0,3.0,2.0,6.0,2.0,7.0,5.0,6.0,2.0,4.0,6.0,3.0,1.0,5.0,4.0,5.0,5.0
167240.0,120.0,43.0,3010.0,7.0,5.0,2005.0,2006.0,16.0,16.0,0.0,1232.0,1248.0,1248.0,0.0,0.0,1248.0,0.0,0.0,2.0,0.0,2.0,1.0,5.0,0.0,2005.0,2.0,438.0,108.0,0.0,0.0,0.0,0.0,0.0,0.0,3.0,2006.0,4.0,2.0,3.0,1.0,2.0,2.0,1.0,1.0,16.0,5.0,5.0,4.0,6.0,2.0,3.0,12.0,13.0,3.0,3.0,4.0,6.0,4.0,4.0,4.0,7.0,6.0,6.0,5.0,2.0,6.0,3.0,7.0,2.0,6.0,4.0,4.0,6.0,3.0,1.0,5.0,4.0,9.0,6.0
164000.0,50.0,152.0,12134.0,8.0,7.0,1988.0,2005.0,0.0,427.0,0.0,132.0,559.0,1080.0,672.0,0.0,1752.0,0.0,0.0,2.0,0.0,4.0,1.0,8.0,0.0,1988.0,2.0,492.0,325.0,12.0,0.0,0.0,0.0,0.0,0.0,6.0,2010.0,4.0,2.0,3.0,2.0,1.0,2.0,1.0,2.0,15.0,5.0,5.0,5.0,3.0,2.0,3.0,6.0,5.0,2.0,3.0,4.0,5.0,4.0,4.0,4.0,7.0,6.0,6.0,4.0,2.0,6.0,2.0,7.0,2.0,5.0,3.0,4.0,6.0,3.0,1.0,5.0,4.0,5.0,5.0
318000.0,20.0,93.0,12030.0,8.0,5.0,2007.0,2007.0,254.0,0.0,0.0,1694.0,1694.0,1694.0,0.0,0.0,1694.0,0.0,0.0,2.0,0.0,3.0,1.0,7.0,0.0,2007.0,3.0,818.0,168.0,228.0,0.0,0.0,0.0,0.0,0.0,12.0,2007.0,4.0,2.0,3.0,1.0,2.0,2.0,1.0,1.0,24.0,5.0,5.0,5.0,6.0,5.0,3.0,12.0,13.0,3.0,4.0,4.0,6.0,5.0,4.0,2.0,6.0,6.0,6.0,5.0,2.0,6.0,3.0,7.0,2.0,6.0,4.0,4.0,6.0,3.0,1.0,5.0,4.0,9.0,6.0
268000.0,20.0,95.0,15865.0,8.0,6.0,1970.0,1970.0,0.0,351.0,823.0,1043.0,2217.0,2217.0,0.0,0.0,2217.0,1.0,0.0,2.0,0.0,4.0,1.0,8.0,1.0,1970.0,2.0,621.0,81.0,207.0,0.0,0.0,224.0,0.0,0.0,10.0,2007.0,4.0,2.0,3.0,2.0,2.0,2.0,1.0,2.0,11.0,5.0,5.0,5.0,6.0,4.0,5.0,6.0,5.0,2.0,3.0,3.0,6.0,3.0,5.0,5.0,5.0,4.0,6.0,5.0,2.0,6.0,3.0,7.0,4.0,6.0,2.0,4.0,6.0,3.0,1.0,5.0,4.0,5.0,5.0
219210.0,60.0,58.0,14054.0,7.0,5.0,2006.0,2006.0,0.0,0.0,0.0,879.0,879.0,879.0,984.0,0.0,1863.0,0.0,0.0,2.0,1.0,4.0,1.0,9.0,1.0,2006.0,3.0,660.0,100.0,17.0,0.0,0.0,0.0,0.0,0.0,11.0,2006.0,4.0,2.0,3.0,2.0,2.0,2.0,1.0,1.0,15.0,5.0,5.0,5.0,7.0,2.0,3.0,12.0,13.0,2.0,3.0,4.0,6.0,4.0,4.0,4.0,6.0,6.0,6.0,5.0,2.0,6.0,3.0,7.0,5.0,7.0,4.0,4.0,6.0,3.0,1.0,5.0,4.0,9.0,6.0
145000.0,180.0,35.0,3675.0,5.0,5.0,2005.0,2005.0,80.0,547.0,0.0,0.0,547.0,1072.0,0.0,0.0,1072.0,1.0,0.0,1.0,0.0,2.0,1.0,5.0,0.0,2005.0,2.0,525.0,0.0,28.0,0.0,0.0,0.0,0.0,0.0,5.0,2006.0,2.0,2.0,3.0,1.0,2.0,2.0,1.0,1.0,5.0,5.0,5.0,4.0,5.0,2.0,3.0,12.0,13.0,3.0,2.0,4.0,6.0,4.0,4.0,5.0,7.0,6.0,6.0,4.0,2.0,6.0,2.0,7.0,2.0,5.0,4.0,4.0,6.0,3.0,1.0,5.0,4.0,5.0,5.0
143000.0,50.0,78.0,10496.0,6.0,6.0,1949.0,1950.0,320.0,196.0,0.0,844.0,1040.0,1168.0,678.0,0.0,1846.0,0.0,0.0,2.0,0.0,3.0,1.0,7.0,1.0,1949.0,1.0,315.0,0.0,0.0,0.0,0.0,0.0,0.0,0.0,1.0,2007.0,4.0,2.0,3.0,1.0,2.0,2.0,1.0,1.0,11.0,1.0,5.0,5.0,3.0,2.0,3.0,6.0,5.0,3.0,2.0,4.0,3.0,3.0,4.0,3.0,2.0,6.0,6.0,5.0,2.0,6.0,2.0,7.0,5.0,6.0,2.0,4.0,6.0,3.0,1.0,2.0,4.0,5.0,5.0
139000.0,20.0,70.0,8176.0,5.0,6.0,1958.0,1992.0,0.0,846.0,0.0,210.0,1056.0,1056.0,0.0,0.0,1056.0,1.0,0.0,1.0,0.0,3.0,1.0,6.0,0.0,1958.0,1.0,308.0,0.0,0.0,0.0,0.0,0.0,0.0,0.0,8.0,2007.0,4.0,2.0,3.0,1.0,2.0,2.0,1.0,1.0,11.0,5.0,5.0,5.0,6.0,2.0,3.0,6.0,5.0,2.0,2.0,4.0,3.0,3.0,4.0,2.0,2.0,6.0,6.0,2.0,2.0,6.0,2.0,7.0,2.0,6.0,3.0,4.0,6.0,3.0,1.0,5.0,4.0,5.0,5.0
295000.0,75.0,87.0,18386.0,7.0,9.0,1880.0,2002.0,0.0,0.0,0.0,1470.0,1470.0,1675.0,1818.0,0.0,3493.0,0.0,0.0,3.0,0.0,3.0,1.0,10.0,1.0,2003.0,3.0,870.0,302.0,0.0,0.0,0.0,0.0,0.0,0.0,5.0,2008.0,2.0,2.0,3.0,1.0,2.0,2.0,1.0,1.0,6.0,5.0,5.0,5.0,8.0,2.0,3.0,13.0,14.0,2.0,2.0,4.0,2.0,3.0,4.0,2.0,6.0,6.0,6.0,5.0,2.0,6.0,3.0,7.0,6.0,6.0,2.0,4.0,6.0,3.0,1.0,5.0,4.0,5.0,5.0
173500.0,60.0,64.0,8633.0,6.0,5.0,2005.0,2005.0,0.0,193.0,0.0,545.0,738.0,738.0,738.0,0.0,1476.0,1.0,0.0,2.0,1.0,3.0,1.0,7.0,0.0,2005.0,2.0,540.0,100.0,35.0,0.0,0.0,0.0,0.0,0.0,2.0,2009.0,4.0,2.0,3.0,1.0,2.0,2.0,2.0,1.0,17.0,5.0,5.0,5.0,7.0,2.0,3.0,12.0,13.0,2.0,3.0,4.0,6.0,4.0,4.0,2.0,7.0,6.0,6.0,5.0,2.0,6.0,3.0,7.0,2.0,6.0,4.0,4.0,6.0,3.0,1.0,5.0,4.0,5.0,5.0
172785.0,60.0,105.0,15578.0,6.0,5.0,2006.0,2006.0,0.0,0.0,0.0,728.0,728.0,728.0,728.0,0.0,1456.0,0.0,0.0,2.0,1.0,3.0,1.0,8.0,0.0,2006.0,2.0,429.0,0.0,0.0,0.0,0.0,0.0,0.0,0.0,5.0,2006.0,4.0,2.0,3.0,2.0,2.0,2.0,3.0,1.0,15.0,5.0,5.0,5.0,7.0,2.0,3.0,12.0,13.0,2.0,3.0,4.0,6.0,4.0,4.0,2.0,6.0,6.0,6.0,4.0,2.0,6.0,2.0,7.0,2.0,6.0,3.0,4.0,6.0,3.0,1.0,5.0,4.0,9.0,6.0
200000.0,20.0,70.0,9135.0,6.0,5.0,2003.0,2003.0,120.0,340.0,0.0,1342.0,1682.0,1700.0,0.0,0.0,1700.0,1.0,0.0,2.0,0.0,3.0,1.0,7.0,0.0,2003.0,2.0,544.0,192.0,23.0,0.0,0.0,0.0,0.0,0.0,5.0,2006.0,4.0,2.0,3.0,1.0,2.0,2.0,1.0,1.0,17.0,5.0,5.0,5.0,6.0,2.0,3.0,12.0,13.0,3.0,3.0,4.0,6.0,4.0,4.0,4.0,7.0,6.0,6.0,5.0,2.0,6.0,3.0,7.0,2.0,6.0,3.0,4.0,6.0,3.0,1.0,5.0,4.0,5.0,5.0
168500.0,80.0,82.0,9020.0,6.0,5.0,1964.0,1964.0,259.0,624.0,336.0,288.0,1248.0,1350.0,0.0,0.0,1350.0,1.0,0.0,1.0,1.0,3.0,1.0,6.0,0.0,1964.0,2.0,520.0,176.0,0.0,0.0,0.0,0.0,0.0,0.0,6.0,2008.0,4.0,2.0,3.0,1.0,2.0,2.0,3.0,1.0,11.0,3.0,5.0,5.0,5.0,2.0,8.0,10.0,5.0,3.0,2.0,4.0,3.0,3.0,4.0,5.0,7.0,4.0,6.0,3.0,2.0,6.0,2.0,7.0,2.0,6.0,3.0,4.0,6.0,3.0,1.0,4.0,4.0,5.0,5.0
128000.0,20.0,80.0,9920.0,5.0,5.0,1954.0,1954.0,110.0,354.0,290.0,412.0,1056.0,1063.0,0.0,0.0,1063.0,1.0,0.0,1.0,0.0,3.0,1.0,6.0,0.0,1954.0,1.0,280.0,0.0,0.0,164.0,0.0,0.0,0.0,0.0,2.0,2010.0,4.0,2.0,3.0,1.0,2.0,2.0,1.0,1.0,11.0,5.0,5.0,5.0,6.0,2.0,3.0,9.0,10.0,4.0,2.0,4.0,3.0,3.0,4.0,2.0,2.0,3.0,6.0,3.0,2.0,6.0,2.0,7.0,2.0,6.0,3.0,4.0,6.0,3.0,1.0,3.0,4.0,5.0,5.0
92900.0,90.0,60.0,8544.0,3.0,4.0,1950.0,1950.0,0.0,0.0,0.0,0.0,0.0,1040.0,0.0,0.0,1040.0,0.0,0.0,2.0,0.0,2.0,2.0,6.0,0.0,1987.0,2.0,400.0,0.0,0.0,0.0,0.0,0.0,0.0,0.0,6.0,2009.0,4.0,2.0,3.0,1.0,2.0,2.0,3.0,1.0,11.0,5.0,5.0,2.0,6.0,2.0,3.0,11.0,12.0,2.0,2.0,4.0,1.0,1.0,2.0,1.0,1.0,1.0,3.0,2.0,1.0,4.0,2.0,7.0,2.0,3.0,2.0,4.0,6.0,3.0,1.0,5.0,4.0,5.0,5.0
230000.0,60.0,66.0,8738.0,7.0,5.0,1999.0,1999.0,302.0,0.0,0.0,975.0,975.0,1005.0,1286.0,0.0,2291.0,0.0,0.0,2.0,1.0,4.0,1.0,8.0,1.0,1999.0,2.0,429.0,192.0,0.0,0.0,0.0,0.0,0.0,0.0,2.0,2006.0,4.0,2.0,3.0,2.0,2.0,2.0,1.0,1.0,15.0,5.0,5.0,5.0,7.0,2.0,3.0,12.0,13.0,3.0,3.0,4.0,6.0,4.0,4.0,2.0,6.0,6.0,6.0,5.0,2.0,6.0,3.0,7.0,4.0,7.0,4.0,4.0,6.0,3.0,1.0,5.0,4.0,5.0,5.0
80000.0,180.0,21.0,1477.0,4.0,4.0,1970.0,1970.0,0.0,509.0,0.0,121.0,630.0,630.0,0.0,0.0,630.0,1.0,0.0,1.0,0.0,1.0,1.0,3.0,0.0,1970.0,1.0,286.0,0.0,0.0,0.0,0.0,0.0,0.0,0.0,4.0,2009.0,2.0,2.0,3.0,1.0,2.0,2.0,1.0,1.0,1.0,5.0,5.0,4.0,2.0,2.0,3.0,13.0,14.0,2.0,2.0,4.0,3.0,4.0,4.0,4.0,7.0,6.0,6.0,3.0,2.0,6.0,2.0,7.0,2.0,6.0,2.0,4.0,6.0,3.0,1.0,5.0,4.0,5.0,5.0
191000.0,20.0,93.0,9382.0,7.0,5.0,1999.0,2000.0,125.0,0.0,0.0,1468.0,1468.0,1479.0,0.0,0.0,1479.0,0.0,0.0,2.0,0.0,3.0,1.0,6.0,0.0,1999.0,2.0,577.0,120.0,25.0,0.0,0.0,0.0,0.0,0.0,7.0,2008.0,4.0,2.0,3.0,2.0,2.0,2.0,5.0,1.0,17.0,5.0,5.0,5.0,6.0,2.0,3.0,12.0,13.0,3.0,3.0,4.0,6.0,4.0,4.0,2.0,6.0,6.0,6.0,5.0,2.0,6.0,3.0,7.0,2.0,6.0,3.0,4.0,6.0,3.0,1.0,5.0,4.0,5.0,5.0
135000.0,60.0,70.0,11606.0,5.0,5.0,1969.0,1969.0,192.0,650.0,0.0,390.0,1040.0,1040.0,1040.0,0.0,2080.0,0.0,1.0,1.0,2.0,5.0,1.0,9.0,2.0,1969.0,2.0,504.0,335.0,0.0,0.0,0.0,0.0,0.0,0.0,9.0,2007.0,4.0,2.0,3.0,2.0,4.0,2.0,1.0,3.0,11.0,5.0,5.0,5.0,7.0,2.0,3.0,10.0,11.0,3.0,2.0,4.0,6.0,4.0,4.0,4.0,2.0,6.0,6.0,3.0,2.0,6.0,1.0,7.0,4.0,6.0,2.0,4.0,6.0,3.0,1.0,5.0,4.0,5.0,3.0
269500.0,60.0,92.0,12003.0,8.0,5.0,2009.0,2010.0,84.0,0.0,0.0,774.0,774.0,774.0,1194.0,0.0,1968.0,0.0,0.0,2.0,1.0,4.0,1.0,8.0,1.0,2009.0,3.0,680.0,0.0,75.0,0.0,0.0,0.0,0.0,0.0,5.0,2010.0,4.0,2.0,3.0,1.0,2.0,2.0,3.0,1.0,22.0,5.0,5.0,5.0,7.0,2.0,3.0,12.0,13.0,3.0,3.0,4.0,6.0,5.0,4.0,2.0,6.0,6.0,6.0,5.0,2.0,6.0,4.0,7.0,5.0,7.0,4.0,4.0,6.0,3.0,1.0,5.0,4.0,9.0,6.0
375000.0,20.0,150.0,215245.0,7.0,5.0,1965.0,1965.0,0.0,1236.0,820.0,80.0,2136.0,2036.0,0.0,0.0,2036.0,2.0,0.0,2.0,0.0,3.0,1.0,8.0,2.0,1965.0,2.0,513.0,0.0,0.0,0.0,0.0,0.0,0.0,0.0,6.0,2009.0,4.0,2.0,3.0,3.0,3.0,2.0,1.0,3.0,22.0,5.0,5.0,5.0,6.0,5.0,3.0,11.0,12.0,2.0,2.0,4.0,3.0,4.0,4.0,5.0,5.0,4.0,5.0,3.0,2.0,6.0,2.0,7.0,5.0,6.0,3.0,4.0,6.0,3.0,1.0,5.0,4.0,5.0,5.0
62383.0,20.0,60.0,8281.0,5.0,5.0,1965.0,1965.0,0.0,553.0,311.0,0.0,864.0,864.0,0.0,0.0,864.0,0.0,0.0,1.0,0.0,3.0,1.0,5.0,1.0,1965.0,1.0,360.0,0.0,0.0,236.0,0.0,0.0,0.0,0.0,12.0,2009.0,4.0,2.0,3.0,2.0,2.0,2.0,1.0,1.0,7.0,5.0,5.0,5.0,6.0,2.0,3.0,5.0,6.0,2.0,2.0,4.0,3.0,3.0,4.0,2.0,2.0,2.0,6.0,4.0,2.0,6.0,2.0,7.0,1.0,3.0,2.0,4.0,6.0,3.0,1.0,2.0,4.0,5.0,5.0
153000.0,80.0,80.0,9600.0,6.0,6.0,1955.0,1972.0,164.0,674.0,132.0,350.0,1156.0,1520.0,0.0,0.0,1520.0,1.0,0.0,1.0,0.0,3.0,1.0,7.0,2.0,1955.0,1.0,364.0,0.0,0.0,189.0,0.0,0.0,0.0,0.0,3.0,2010.0,4.0,2.0,3.0,1.0,2.0,2.0,1.0,1.0,11.0,5.0,5.0,5.0,5.0,2.0,3.0,4.0,2.0,3.0,2.0,4.0,3.0,3.0,4.0,4.0,3.0,3.0,6.0,5.0,2.0,6.0,2.0,7.0,5.0,5.0,3.0,4.0,6.0,3.0,1.0,5.0,4.0,5.0,5.0
392000.0,20.0,60.0,8089.0,8.0,6.0,2007.0,2007.0,0.0,945.0,0.0,474.0,1419.0,1419.0,0.0,0.0,1419.0,1.0,0.0,2.0,0.0,2.0,1.0,7.0,1.0,2007.0,2.0,567.0,140.0,0.0,0.0,0.0,0.0,0.0,0.0,10.0,2007.0,4.0,2.0,3.0,1.0,4.0,2.0,1.0,1.0,23.0,5.0,5.0,5.0,6.0,2.0,3.0,5.0,6.0,3.0,3.0,4.0,6.0,4.0,4.0,4.0,7.0,6.0,6.0,5.0,2.0,6.0,3.0,7.0,5.0,6.0,3.0,4.0,6.0,3.0,1.0,5.0,4.0,9.0,6.0
112000.0,50.0,50.0,7000.0,6.0,6.0,1924.0,1950.0,0.0,617.0,0.0,0.0,617.0,865.0,445.0,0.0,1310.0,0.0,0.0,2.0,0.0,2.0,1.0,6.0,0.0,1924.0,1.0,398.0,0.0,0.0,126.0,0.0,0.0,0.0,0.0,5.0,2006.0,4.0,2.0,3.0,1.0,2.0,2.0,3.0,1.0,6.0,1.0,5.0,5.0,3.0,2.0,3.0,5.0,6.0,2.0,2.0,3.0,2.0,2.0,4.0,2.0,4.0,6.0,6.0,4.0,2.0,6.0,2.0,4.0,2.0,6.0,2.0,4.0,6.0,3.0,1.0,5.0,4.0,4.0,5.0
158000.0,60.0,80.0,9364.0,6.0,7.0,1969.0,1969.0,143.0,371.0,0.0,292.0,663.0,663.0,689.0,0.0,1352.0,0.0,0.0,1.0,1.0,4.0,1.0,7.0,0.0,1969.0,1.0,299.0,379.0,36.0,0.0,0.0,0.0,0.0,0.0,3.0,2010.0,4.0,2.0,3.0,1.0,2.0,2.0,3.0,1.0,7.0,5.0,5.0,5.0,7.0,2.0,3.0,9.0,10.0,4.0,2.0,4.0,3.0,3.0,4.0,2.0,5.0,6.0,6.0,3.0,2.0,6.0,2.0,7.0,2.0,6.0,4.0,4.0,6.0,3.0,1.0,3.0,4.0,5.0,5.0
611657.0,20.0,100.0,12919.0,9.0,5.0,2009.0,2010.0,760.0,2188.0,0.0,142.0,2330.0,2364.0,0.0,0.0,2364.0,1.0,0.0,2.0,1.0,2.0,1.0,11.0,2.0,2009.0,3.0,820.0,0.0,67.0,0.0,0.0,0.0,0.0,0.0,3.0,2010.0,4.0,2.0,3.0,2.0,2.0,2.0,1.0,1.0,24.0,5.0,5.0,5.0,6.0,5.0,3.0,12.0,13.0,4.0,4.0,4.0,6.0,5.0,4.0,5.0,7.0,6.0,6.0,5.0,2.0,6.0,4.0,7.0,5.0,6.0,4.0,4.0,6.0,3.0,1.0,5.0,4.0,9.0,6.0
179900.0,60.0,85.0,11475.0,6.0,6.0,1975.0,1975.0,0.0,550.0,0.0,163.0,713.0,811.0,741.0,0.0,1552.0,1.0,0.0,2.0,1.0,3.0,1.0,6.0,1.0,1975.0,2.0,434.0,209.0,208.0,0.0,0.0,0.0,0.0,0.0,2.0,2006.0,4.0,2.0,3.0,1.0,2.0,2.0,1.0,1.0,14.0,4.0,5.0,5.0,7.0,2.0,3.0,12.0,13.0,2.0,2.0,4.0,3.0,4.0,4.0,2.0,5.0,6.0,6.0,3.0,2.0,6.0,2.0,7.0,4.0,6.0,3.0,4.0,6.0,3.0,1.0,3.0,4.0,5.0,5.0
111000.0,20.0,75.0,10215.0,4.0,5.0,1954.0,1954.0,132.0,492.0,0.0,372.0,864.0,948.0,0.0,0.0,948.0,0.0,0.0,1.0,0.0,3.0,1.0,5.0,0.0,1954.0,1.0,248.0,0.0,0.0,0.0,0.0,0.0,0.0,0.0,2.0,2007.0,4.0,2.0,3.0,1.0,1.0,2.0,1.0,1.0,5.0,5.0,5.0,5.0,6.0,5.0,3.0,6.0,5.0,3.0,2.0,4.0,6.0,3.0,4.0,2.0,5.0,6.0,6.0,5.0,2.0,6.0,2.0,7.0,2.0,6.0,2.0,4.0,6.0,3.0,1.0,5.0,4.0,5.0,5.0
124000.0,20.0,57.0,8280.0,6.0,5.0,1950.0,1950.0,0.0,0.0,0.0,932.0,932.0,932.0,0.0,0.0,932.0,0.0,0.0,1.0,0.0,2.0,1.0,4.0,1.0,1950.0,1.0,306.0,0.0,0.0,214.0,0.0,0.0,0.0,0.0,11.0,2007.0,4.0,2.0,3.0,2.0,2.0,2.0,1.0,1.0,11.0,5.0,5.0,5.0,6.0,2.0,3.0,11.0,12.0,2.0,2.0,4.0,3.0,3.0,4.0,2.0,6.0,6.0,6.0,5.0,2.0,4.0,3.0,7.0,5.0,6.0,2.0,4.0,6.0,3.0,1.0,4.0,4.0,5.0,5.0
115000.0,50.0,51.0,10480.0,6.0,5.0,1936.0,1950.0,0.0,0.0,0.0,1064.0,1064.0,1166.0,0.0,473.0,1639.0,0.0,0.0,1.0,0.0,3.0,1.0,6.0,0.0,1936.0,1.0,240.0,0.0,0.0,0.0,0.0,0.0,0.0,0.0,3.0,2008.0,4.0,2.0,3.0,1.0,2.0,2.0,1.0,1.0,9.0,5.0,5.0,5.0,3.0,2.0,3.0,5.0,6.0,2.0,2.0,4.0,2.0,3.0,4.0,2.0,6.0,6.0,6.0,5.0,2.0,4.0,2.0,1.0,2.0,3.0,2.0,4.0,6.0,3.0,1.0,5.0,4.0,5.0,5.0
140000.0,180.0,35.0,3675.0,6.0,5.0,2005.0,2006.0,82.0,547.0,0.0,0.0,547.0,1072.0,0.0,0.0,1072.0,1.0,0.0,2.0,0.0,2.0,1.0,5.0,0.0,2005.0,2.0,525.0,0.0,44.0,0.0,0.0,0.0,0.0,0.0,6.0,2006.0,2.0,2.0,3.0,1.0,2.0,2.0,1.0,1.0,5.0,5.0,5.0,4.0,2.0,2.0,3.0,12.0,13.0,3.0,2.0,4.0,6.0,4.0,4.0,5.0,7.0,6.0,6.0,4.0,2.0,6.0,2.0,7.0,2.0,5.0,4.0,4.0,6.0,3.0,1.0,5.0,4.0,9.0,6.0
140000.0,80.0,85.0,13825.0,5.0,6.0,1958.0,1987.0,0.0,0.0,0.0,533.0,533.0,1021.0,580.0,0.0,1601.0,0.0,1.0,1.0,0.0,3.0,1.0,6.0,0.0,1958.0,1.0,300.0,280.0,34.0,0.0,0.0,0.0,0.0,0.0,12.0,2008.0,4.0,2.0,3.0,1.0,2.0,2.0,1.0,1.0,7.0,5.0,5.0,5.0,5.0,2.0,3.0,5.0,6.0,2.0,2.0,3.0,3.0,3.0,4.0,2.0,6.0,6.0,6.0,3.0,2.0,6.0,2.0,3.0,2.0,7.0,3.0,4.0,6.0,3.0,1.0,5.0,4.0,5.0,5.0
263435.0,60.0,75.0,8004.0,8.0,5.0,2009.0,2009.0,110.0,544.0,0.0,288.0,832.0,832.0,1103.0,0.0,1935.0,1.0,0.0,2.0,1.0,3.0,1.0,8.0,0.0,2009.0,2.0,552.0,0.0,150.0,0.0,0.0,0.0,0.0,0.0,12.0,2009.0,5.0,2.0,3.0,2.0,2.0,2.0,1.0,1.0,20.0,4.0,5.0,5.0,7.0,2.0,3.0,12.0,13.0,4.0,3.0,4.0,6.0,4.0,4.0,2.0,7.0,6.0,6.0,5.0,2.0,6.0,2.0,7.0,2.0,7.0,4.0,4.0,6.0,3.0,1.0,5.0,4.0,9.0,6.0
215000.0,60.0,80.0,9554.0,8.0,5.0,1993.0,1994.0,125.0,380.0,0.0,397.0,777.0,1065.0,846.0,0.0,1911.0,0.0,0.0,2.0,1.0,3.0,1.0,8.0,1.0,1993.0,2.0,471.0,182.0,81.0,0.0,0.0,0.0,0.0,0.0,9.0,2006.0,4.0,2.0,3.0,2.0,2.0,2.0,1.0,1.0,13.0,5.0,5.0,5.0,7.0,2.0,3.0,12.0,13.0,3.0,3.0,4.0,6.0,4.0,4.0,2.0,7.0,6.0,6.0,5.0,2.0,6.0,3.0,7.0,4.0,6.0,3.0,4.0,6.0,3.0,1.0,5.0,4.0,5.0,5.0
174500.0,70.0,75.0,12000.0,7.0,7.0,1941.0,1950.0,0.0,275.0,0.0,429.0,704.0,860.0,704.0,0.0,1564.0,0.0,0.0,1.0,1.0,3.0,1.0,7.0,1.0,1941.0,1.0,234.0,0.0,0.0,0.0,0.0,0.0,0.0,0.0,7.0,2009.0,4.0,2.0,3.0,1.0,1.0,2.0,1.0,1.0,18.0,5.0,5.0,5.0,7.0,2.0,3.0,5.0,6.0,2.0,2.0,4.0,3.0,3.0,4.0,2.0,2.0,6.0,6.0,5.0,2.0,6.0,1.0,7.0,5.0,6.0,2.0,4.0,6.0,3.0,1.0,5.0,4.0,5.0,5.0
187100.0,20.0,67.0,16285.0,7.0,5.0,2001.0,2002.0,0.0,0.0,0.0,1413.0,1413.0,1430.0,0.0,0.0,1430.0,0.0,0.0,2.0,0.0,3.0,1.0,6.0,0.0,2001.0,2.0,605.0,0.0,33.0,0.0,0.0,0.0,0.0,0.0,6.0,2009.0,4.0,2.0,3.0,4.0,2.0,2.0,1.0,1.0,17.0,5.0,5.0,5.0,6.0,2.0,3.0,12.0,13.0,2.0,3.0,4.0,6.0,4.0,4.0,2.0,6.0,6.0,6.0,5.0,2.0,6.0,3.0,7.0,2.0,6.0,3.0,4.0,6.0,3.0,1.0,5.0,4.0,5.0,5.0
141000.0,20.0,69.0,14850.0,5.0,5.0,1957.0,1957.0,0.0,895.0,0.0,197.0,1092.0,1092.0,0.0,0.0,1092.0,1.0,0.0,1.0,0.0,2.0,1.0,6.0,1.0,1957.0,1.0,299.0,268.0,0.0,0.0,0.0,122.0,0.0,0.0,5.0,2006.0,4.0,2.0,3.0,2.0,2.0,2.0,1.0,1.0,11.0,5.0,5.0,5.0,6.0,2.0,3.0,6.0,5.0,2.0,2.0,4.0,3.0,3.0,4.0,2.0,2.0,6.0,6.0,3.0,2.0,4.0,2.0,7.0,4.0,6.0,4.0,4.0,6.0,3.0,1.0,1.0,4.0,5.0,5.0
264561.0,120.0,53.0,3982.0,8.0,5.0,2006.0,2006.0,0.0,1154.0,0.0,366.0,1520.0,1567.0,0.0,0.0,1567.0,1.0,0.0,2.0,0.0,1.0,1.0,7.0,1.0,2006.0,3.0,648.0,312.0,0.0,0.0,0.0,0.0,0.0,0.0,10.0,2006.0,4.0,2.0,3.0,1.0,2.0,2.0,1.0,1.0,16.0,5.0,5.0,4.0,6.0,5.0,3.0,12.0,13.0,2.0,3.0,4.0,6.0,4.0,5.0,4.0,7.0,6.0,6.0,5.0,2.0,6.0,4.0,7.0,5.0,6.0,4.0,4.0,6.0,3.0,1.0,5.0,4.0,9.0,6.0
152000.0,40.0,40.0,5400.0,6.0,7.0,1926.0,2004.0,0.0,370.0,0.0,779.0,1149.0,1149.0,467.0,0.0,1616.0,0.0,0.0,2.0,0.0,3.0,1.0,5.0,0.0,1926.0,1.0,216.0,0.0,0.0,183.0,0.0,0.0,0.0,0.0,10.0,2007.0,2.0,2.0,2.0,1.0,2.0,2.0,3.0,1.0,6.0,5.0,5.0,5.0,6.0,2.0,3.0,5.0,6.0,2.0,2.0,3.0,2.0,3.0,4.0,3.0,4.0,6.0,6.0,4.0,2.0,4.0,3.0,7.0,2.0,3.0,2.0,4.0,6.0,3.0,1.0,5.0,4.0,5.0,5.0
195000.0,60.0,68.0,8935.0,7.0,5.0,2002.0,2002.0,95.0,0.0,0.0,831.0,831.0,831.0,829.0,0.0,1660.0,0.0,0.0,2.0,1.0,3.0,1.0,7.0,0.0,2002.0,2.0,493.0,144.0,68.0,0.0,0.0,0.0,0.0,0.0,7.0,2009.0,4.0,2.0,3.0,2.0,2.0,2.0,1.0,1.0,17.0,5.0,5.0,5.0,7.0,2.0,3.0,12.0,13.0,3.0,3.0,4.0,6.0,4.0,4.0,2.0,6.0,6.0,6.0,5.0,2.0,6.0,3.0,7.0,2.0,6.0,3.0,4.0,6.0,3.0,1.0,5.0,4.0,5.0,5.0
213490.0,120.0,43.0,3013.0,7.0,5.0,2005.0,2005.0,145.0,16.0,0.0,1346.0,1362.0,1506.0,0.0,0.0,1506.0,0.0,0.0,2.0,0.0,2.0,1.0,6.0,1.0,2005.0,2.0,440.0,142.0,20.0,0.0,0.0,0.0,0.0,0.0,4.0,2006.0,4.0,2.0,3.0,1.0,2.0,2.0,1.0,1.0,16.0,5.0,5.0,4.0,6.0,2.0,3.0,12.0,13.0,3.0,3.0,4.0,6.0,4.0,4.0,5.0,7.0,6.0,6.0,5.0,2.0,6.0,3.0,7.0,5.0,6.0,4.0,4.0,6.0,3.0,1.0,5.0,4.0,5.0,5.0
170000.0,20.0,77.0,10010.0,5.0,5.0,1974.0,1975.0,0.0,1071.0,123.0,195.0,1389.0,1389.0,0.0,0.0,1389.0,1.0,0.0,1.0,0.0,2.0,1.0,6.0,1.0,1975.0,2.0,418.0,240.0,38.0,0.0,0.0,0.0,0.0,0.0,4.0,2006.0,4.0,2.0,3.0,1.0,2.0,2.0,1.0,2.0,12.0,5.0,5.0,5.0,6.0,2.0,3.0,9.0,10.0,2.0,2.0,4.0,3.0,4.0,4.0,4.0,5.0,3.0,6.0,4.0,2.0,6.0,2.0,7.0,4.0,6.0,3.0,4.0,6.0,3.0,1.0,5.0,4.0,5.0,5.0
133700.0,20.0,70.0,7560.0,5.0,5.0,1959.0,1959.0,0.0,369.0,0.0,671.0,1040.0,1040.0,0.0,0.0,1040.0,0.0,0.0,1.0,0.0,3.0,1.0,6.0,0.0,1959.0,1.0,286.0,140.0,0.0,252.0,0.0,0.0,0.0,0.0,7.0,2006.0,4.0,2.0,3.0,1.0,2.0,2.0,1.0,1.0,11.0,5.0,5.0,5.0,6.0,2.0,3.0,11.0,5.0,2.0,2.0,4.0,3.0,3.0,4.0,2.0,4.0,6.0,6.0,3.0,2.0,4.0,2.0,7.0,2.0,6.0,3.0,4.0,6.0,3.0,1.0,2.0,4.0,5.0,5.0
207500.0,20.0,47.0,16321.0,5.0,6.0,1957.0,1997.0,0.0,1277.0,0.0,207.0,1484.0,1600.0,0.0,0.0,1600.0,1.0,0.0,1.0,0.0,2.0,1.0,6.0,2.0,1957.0,1.0,319.0,288.0,258.0,0.0,0.0,0.0,0.0,0.0,12.0,2006.0,4.0,2.0,3.0,2.0,2.0,2.0,5.0,1.0,11.0,5.0,5.0,5.0,6.0,2.0,3.0,5.0,6.0,2.0,2.0,4.0,3.0,3.0,4.0,5.0,3.0,6.0,6.0,3.0,2.0,6.0,2.0,7.0,5.0,6.0,3.0,4.0,6.0,3.0,1.0,5.0,4.0,5.0,5.0
303477.0,60.0,75.0,9000.0,8.0,5.0,2007.0,2007.0,0.0,64.0,0.0,1120.0,1184.0,1184.0,1426.0,0.0,2610.0,0.0,0.0,2.0,1.0,4.0,1.0,11.0,1.0,2007.0,2.0,550.0,208.0,364.0,0.0,0.0,0.0,0.0,0.0,8.0,2007.0,5.0,2.0,3.0,1.0,2.0,2.0,1.0,1.0,20.0,5.0,5.0,5.0,7.0,2.0,3.0,13.0,14.0,2.0,3.0,4.0,6.0,4.0,4.0,4.0,7.0,6.0,6.0,5.0,2.0,6.0,4.0,7.0,5.0,7.0,4.0,4.0,6.0,3.0,1.0,5.0,4.0,9.0,6.0
181000.0,20.0,78.0,10140.0,6.0,6.0,1974.0,1999.0,99.0,663.0,377.0,0.0,1040.0,1309.0,0.0,0.0,1309.0,1.0,0.0,1.0,1.0,3.0,1.0,5.0,1.0,1974.0,2.0,484.0,265.0,0.0,0.0,0.0,0.0,648.0,0.0,1.0,2006.0,4.0,2.0,3.0,1.0,2.0,2.0,1.0,1.0,14.0,5.0,5.0,5.0,6.0,5.0,3.0,9.0,10.0,3.0,2.0,4.0,3.0,3.0,4.0,2.0,5.0,3.0,6.0,2.0,2.0,6.0,3.0,7.0,3.0,6.0,3.0,4.0,6.0,3.0,3.0,4.0,4.0,5.0,5.0
200000.0,60.0,79.0,12798.0,6.0,5.0,1997.0,1997.0,0.0,462.0,0.0,154.0,616.0,616.0,1072.0,0.0,1688.0,1.0,0.0,2.0,1.0,4.0,1.0,8.0,0.0,1997.0,2.0,603.0,403.0,114.0,185.0,0.0,0.0,0.0,400.0,5.0,2008.0,4.0,2.0,3.0,2.0,4.0,2.0,1.0,2.0,19.0,3.0,5.0,5.0,7.0,2.0,3.0,12.0,13.0,2.0,2.0,4.0,6.0,4.0,4.0,5.0,7.0,6.0,6.0,4.0,2.0,6.0,3.0,7.0,2.0,6.0,3.0,4.0,6.0,3.0,1.0,5.0,2.0,5.0,5.0
128000.0,70.0,60.0,6155.0,6.0,8.0,1920.0,1999.0,0.0,0.0,0.0,611.0,611.0,751.0,611.0,0.0,1362.0,0.0,0.0,2.0,0.0,3.0,1.0,6.0,0.0,1920.0,2.0,502.0,0.0,0.0,84.0,0.0,0.0,0.0,0.0,6.0,2008.0,2.0,2.0,3.0,2.0,2.0,2.0,4.0,1.0,4.0,7.0,3.0,5.0,7.0,2.0,3.0,6.0,5.0,2.0,2.0,4.0,2.0,2.0,3.0,3.0,6.0,6.0,6.0,5.0,2.0,6.0,2.0,7.0,2.0,3.0,4.0,4.0,3.0,3.0,1.0,5.0,4.0,5.0,5.0
156000.0,20.0,79.0,10289.0,5.0,7.0,1965.0,1965.0,168.0,836.0,0.0,237.0,1073.0,1073.0,0.0,0.0,1073.0,1.0,0.0,1.0,1.0,3.0,1.0,6.0,0.0,1965.0,2.0,515.0,0.0,0.0,0.0,0.0,0.0,0.0,0.0,6.0,2007.0,4.0,2.0,3.0,1.0,2.0,2.0,1.0,1.0,11.0,5.0,5.0,5.0,6.0,5.0,3.0,5.0,6.0,3.0,2.0,4.0,3.0,3.0,4.0,2.0,5.0,6.0,6.0,3.0,2.0,6.0,2.0,7.0,2.0,6.0,3.0,4.0,6.0,3.0,1.0,5.0,4.0,5.0,5.0
131000.0,50.0,60.0,11409.0,5.0,4.0,1949.0,2008.0,0.0,292.0,0.0,476.0,768.0,1148.0,568.0,0.0,1716.0,0.0,0.0,1.0,1.0,3.0,1.0,8.0,1.0,1949.0,1.0,281.0,0.0,0.0,0.0,0.0,160.0,0.0,0.0,1.0,2009.0,4.0,2.0,3.0,1.0,2.0,2.0,1.0,1.0,5.0,5.0,5.0,5.0,3.0,2.0,3.0,6.0,5.0,2.0,2.0,4.0,3.0,3.0,4.0,2.0,4.0,6.0,6.0,4.0,2.0,6.0,2.0,3.0,5.0,6.0,2.0,4.0,6.0,3.0,1.0,5.0,4.0,5.0,5.0
130000.0,20.0,62.0,9858.0,5.0,6.0,1968.0,1968.0,0.0,510.0,0.0,354.0,864.0,874.0,0.0,0.0,874.0,1.0,0.0,1.0,0.0,3.0,1.0,5.0,0.0,1968.0,1.0,288.0,33.0,0.0,0.0,0.0,0.0,0.0,600.0,11.0,2009.0,4.0,2.0,3.0,1.0,2.0,2.0,1.0,1.0,12.0,5.0,5.0,5.0,6.0,2.0,3.0,9.0,10.0,2.0,2.0,4.0,3.0,3.0,4.0,2.0,3.0,6.0,6.0,3.0,2.0,6.0,2.0,7.0,2.0,6.0,3.0,4.0,6.0,3.0,1.0,2.0,2.0,5.0,5.0
266000.0,120.0,63.0,8849.0,9.0,5.0,2005.0,2005.0,616.0,28.0,0.0,1656.0,1684.0,1684.0,0.0,0.0,1684.0,0.0,0.0,2.0,0.0,2.0,1.0,6.0,1.0,2005.0,2.0,564.0,495.0,72.0,0.0,0.0,0.0,0.0,0.0,7.0,2008.0,4.0,2.0,3.0,2.0,2.0,2.0,1.0,1.0,24.0,5.0,5.0,4.0,6.0,5.0,3.0,5.0,6.0,3.0,4.0,4.0,6.0,5.0,4.0,2.0,7.0,6.0,6.0,5.0,2.0,6.0,4.0,7.0,6.0,6.0,3.0,4.0,6.0,3.0,1.0,5.0,4.0,5.0,5.0
125500.0,50.0,60.0,7200.0,5.0,6.0,1938.0,1995.0,0.0,0.0,0.0,803.0,803.0,803.0,557.0,0.0,1360.0,0.0,0.0,1.0,1.0,2.0,1.0,6.0,0.0,1951.0,1.0,297.0,0.0,65.0,190.0,0.0,0.0,0.0,0.0,7.0,2006.0,2.0,2.0,3.0,1.0,2.0,2.0,3.0,1.0,2.0,5.0,5.0,5.0,3.0,2.0,3.0,6.0,5.0,2.0,2.0,4.0,3.0,3.0,4.0,2.0,6.0,6.0,6.0,5.0,2.0,6.0,3.0,7.0,2.0,3.0,2.0,4.0,6.0,3.0,1.0,3.0,4.0,5.0,5.0
55993.0,20.0,66.0,8712.0,5.0,5.0,1952.0,1952.0,0.0,0.0,0.0,540.0,540.0,1044.0,0.0,0.0,1044.0,0.0,0.0,1.0,0.0,2.0,1.0,4.0,0.0,1952.0,2.0,504.0,0.0,0.0,0.0,0.0,0.0,0.0,54.0,6.0,2010.0,1.0,1.0,3.0,1.0,1.0,2.0,1.0,2.0,2.0,5.0,5.0,5.0,6.0,5.0,3.0,6.0,5.0,2.0,1.0,4.0,3.0,3.0,4.0,4.0,6.0,6.0,6.0,3.0,1.0,4.0,1.0,7.0,2.0,5.0,2.0,4.0,6.0,1.0,1.0,5.0,2.0,5.0,4.0
148000.0,20.0,73.0,8760.0,6.0,6.0,1959.0,1959.0,220.0,0.0,0.0,1194.0,1194.0,1194.0,0.0,0.0,1194.0,1.0,0.0,1.0,0.0,3.0,1.0,6.0,0.0,1959.0,1.0,312.0,0.0,0.0,120.0,0.0,0.0,0.0,0.0,4.0,2010.0,4.0,2.0,3.0,1.0,2.0,2.0,1.0,1.0,11.0,5.0,5.0,5.0,6.0,5.0,3.0,5.0,6.0,3.0,2.0,4.0,3.0,3.0,4.0,2.0,6.0,6.0,6.0,3.0,2.0,6.0,2.0,7.0,2.0,6.0,3.0,4.0,6.0,3.0,1.0,5.0,4.0,5.0,5.0
437154.0,60.0,56.0,20431.0,9.0,5.0,2005.0,2006.0,870.0,1410.0,0.0,438.0,1848.0,1848.0,880.0,0.0,2728.0,1.0,0.0,2.0,1.0,4.0,1.0,10.0,2.0,2006.0,3.0,706.0,0.0,0.0,0.0,0.0,0.0,0.0,0.0,4.0,2006.0,4.0,2.0,3.0,4.0,2.0,2.0,1.0,1.0,24.0,5.0,5.0,5.0,7.0,5.0,3.0,13.0,14.0,3.0,4.0,4.0,6.0,5.0,4.0,2.0,7.0,6.0,6.0,5.0,2.0,6.0,4.0,7.0,6.0,6.0,4.0,4.0,6.0,3.0,1.0,5.0,4.0,9.0,6.0
138887.0,70.0,96.0,13132.0,5.0,5.0,1914.0,1950.0,0.0,0.0,0.0,747.0,747.0,892.0,892.0,0.0,1784.0,0.0,0.0,1.0,1.0,4.0,1.0,9.0,0.0,1914.0,1.0,180.0,203.0,40.0,0.0,0.0,0.0,0.0,0.0,7.0,2006.0,4.0,2.0,3.0,1.0,2.0,2.0,1.0,1.0,18.0,5.0,5.0,5.0,7.0,2.0,3.0,6.0,5.0,2.0,2.0,4.0,2.0,4.0,4.0,3.0,6.0,6.0,6.0,4.0,2.0,3.0,2.0,7.0,2.0,3.0,2.0,3.0,3.0,1.0,1.0,5.0,4.0,5.0,5.0
167000.0,20.0,80.0,9600.0,6.0,5.0,1953.0,1953.0,238.0,1285.0,0.0,131.0,1416.0,1644.0,0.0,0.0,1644.0,1.0,0.0,1.0,0.0,3.0,1.0,7.0,2.0,1953.0,2.0,418.0,110.0,0.0,0.0,0.0,0.0,0.0,0.0,10.0,2009.0,4.0,2.0,3.0,1.0,2.0,2.0,1.0,1.0,11.0,5.0,5.0,5.0,6.0,5.0,3.0,9.0,10.0,4.0,2.0,4.0,3.0,3.0,4.0,2.0,7.0,6.0,6.0,3.0,2.0,6.0,2.0,7.0,5.0,6.0,4.0,4.0,6.0,3.0,1.0,5.0,4.0,5.0,5.0
140000.0,60.0,71.0,7056.0,6.0,5.0,1963.0,1963.0,415.0,400.0,0.0,380.0,780.0,983.0,813.0,0.0,1796.0,1.0,0.0,1.0,1.0,4.0,1.0,8.0,1.0,1963.0,2.0,483.0,0.0,50.0,0.0,0.0,0.0,0.0,0.0,10.0,2008.0,4.0,2.0,3.0,1.0,2.0,2.0,1.0,1.0,11.0,5.0,5.0,5.0,7.0,5.0,3.0,9.0,10.0,3.0,2.0,4.0,3.0,3.0,4.0,2.0,3.0,6.0,6.0,3.0,2.0,6.0,2.0,7.0,4.0,6.0,3.0,4.0,6.0,3.0,1.0,5.0,4.0,5.0,5.0
134500.0,85.0,69.0,10205.0,5.0,5.0,1962.0,1962.0,0.0,784.0,0.0,141.0,925.0,999.0,0.0,0.0,999.0,1.0,0.0,1.0,0.0,3.0,1.0,6.0,0.0,1962.0,1.0,300.0,150.0,72.0,0.0,0.0,0.0,0.0,0.0,5.0,2006.0,4.0,2.0,3.0,2.0,2.0,2.0,1.0,1.0,11.0,5.0,5.0,5.0,2.0,2.0,3.0,5.0,6.0,2.0,2.0,4.0,3.0,3.0,4.0,4.0,3.0,6.0,6.0,3.0,2.0,6.0,2.0,7.0,2.0,6.0,2.0,4.0,6.0,3.0,1.0,5.0,4.0,5.0,5.0
248328.0,20.0,83.0,9849.0,7.0,6.0,2007.0,2007.0,0.0,0.0,0.0,1689.0,1689.0,1689.0,0.0,0.0,1689.0,0.0,0.0,2.0,0.0,3.0,1.0,7.0,0.0,2007.0,3.0,954.0,0.0,56.0,0.0,0.0,0.0,0.0,0.0,6.0,2007.0,4.0,2.0,3.0,1.0,2.0,2.0,1.0,1.0,20.0,5.0,5.0,5.0,6.0,5.0,3.0,12.0,13.0,4.0,3.0,4.0,6.0,4.0,4.0,4.0,6.0,6.0,6.0,5.0,2.0,6.0,3.0,7.0,2.0,6.0,3.0,4.0,6.0,3.0,1.0,5.0,4.0,9.0,6.0
116000.0,50.0,40.0,4400.0,6.0,8.0,1920.0,1950.0,0.0,0.0,0.0,648.0,648.0,734.0,384.0,0.0,1118.0,0.0,0.0,1.0,0.0,2.0,1.0,6.0,0.0,1990.0,2.0,440.0,0.0,0.0,0.0,0.0,0.0,0.0,0.0,10.0,2006.0,2.0,2.0,3.0,1.0,2.0,2.0,1.0,1.0,6.0,5.0,5.0,5.0,3.0,2.0,3.0,8.0,7.0,2.0,2.0,4.0,2.0,2.0,4.0,2.0,6.0,6.0,6.0,3.0,2.0,4.0,2.0,7.0,2.0,3.0,2.0,4.0,6.0,3.0,1.0,5.0,4.0,5.0,5.0
187500.0,80.0,73.0,9590.0,7.0,5.0,2003.0,2003.0,442.0,786.0,0.0,82.0,868.0,1146.0,0.0,0.0,1146.0,1.0,0.0,2.0,0.0,3.0,1.0,6.0,1.0,2003.0,2.0,438.0,160.0,22.0,0.0,0.0,0.0,0.0,0.0,5.0,2007.0,4.0,2.0,3.0,2.0,2.0,2.0,3.0,1.0,22.0,5.0,5.0,5.0,5.0,2.0,3.0,12.0,13.0,3.0,3.0,4.0,6.0,5.0,4.0,4.0,7.0,6.0,6.0,5.0,2.0,6.0,3.0,7.0,5.0,6.0,4.0,4.0,6.0,3.0,1.0,5.0,4.0,5.0,5.0
144000.0,30.0,98.0,8731.0,5.0,5.0,1920.0,1950.0,0.0,645.0,0.0,270.0,915.0,1167.0,0.0,0.0,1167.0,0.0,0.0,1.0,0.0,3.0,1.0,6.0,1.0,1972.0,2.0,495.0,0.0,0.0,216.0,0.0,126.0,0.0,0.0,5.0,2007.0,4.0,2.0,3.0,2.0,2.0,2.0,1.0,1.0,4.0,5.0,5.0,5.0,6.0,2.0,3.0,8.0,7.0,2.0,2.0,2.0,2.0,3.0,4.0,2.0,3.0,6.0,6.0,3.0,2.0,6.0,2.0,5.0,5.0,3.0,2.0,4.0,6.0,3.0,1.0,5.0,4.0,5.0,5.0
281213.0,60.0,88.0,12665.0,8.0,5.0,2005.0,2006.0,245.0,0.0,0.0,1094.0,1094.0,1133.0,1349.0,0.0,2482.0,0.0,0.0,2.0,1.0,4.0,1.0,9.0,1.0,2005.0,3.0,642.0,144.0,39.0,0.0,0.0,0.0,0.0,0.0,2.0,2007.0,4.0,2.0,3.0,2.0,2.0,2.0,1.0,1.0,22.0,5.0,5.0,5.0,7.0,5.0,3.0,12.0,13.0,3.0,3.0,4.0,6.0,4.0,5.0,5.0,6.0,6.0,6.0,5.0,2.0,6.0,3.0,7.0,5.0,7.0,4.0,4.0,6.0,3.0,1.0,5.0,4.0,5.0,5.0
167500.0,70.0,60.0,11414.0,7.0,8.0,1910.0,1993.0,0.0,0.0,0.0,728.0,728.0,1136.0,883.0,0.0,2019.0,0.0,0.0,1.0,0.0,3.0,1.0,8.0,0.0,1997.0,2.0,532.0,509.0,135.0,0.0,0.0,0.0,0.0,0.0,10.0,2009.0,4.0,2.0,3.0,2.0,2.0,2.0,3.0,1.0,4.0,4.0,3.0,5.0,7.0,2.0,3.0,9.0,10.0,2.0,2.0,3.0,2.0,4.0,4.0,2.0,6.0,6.0,6.0,3.0,1.0,6.0,3.0,7.0,2.0,3.0,2.0,4.0,6.0,3.0,1.0,4.0,4.0,5.0,5.0
131500.0,50.0,81.0,12150.0,5.0,5.0,1954.0,1954.0,335.0,0.0,0.0,1050.0,1050.0,1050.0,745.0,0.0,1795.0,0.0,0.0,2.0,0.0,4.0,1.0,7.0,0.0,1954.0,1.0,352.0,0.0,0.0,0.0,0.0,0.0,0.0,0.0,11.0,2008.0,2.0,2.0,1.0,1.0,2.0,2.0,1.0,1.0,6.0,5.0,5.0,5.0,3.0,2.0,3.0,5.0,6.0,3.0,2.0,4.0,2.0,3.0,4.0,2.0,6.0,6.0,6.0,5.0,1.0,3.0,2.0,7.0,2.0,6.0,2.0,3.0,6.0,3.0,1.0,5.0,4.0,5.0,5.0
265000.0,60.0,79.0,10208.0,7.0,5.0,1996.0,1997.0,921.0,0.0,0.0,1264.0,1264.0,1277.0,1067.0,0.0,2344.0,0.0,0.0,2.0,1.0,3.0,1.0,7.0,1.0,1996.0,3.0,889.0,220.0,0.0,0.0,0.0,0.0,0.0,0.0,7.0,2009.0,4.0,2.0,3.0,2.0,2.0,2.0,1.0,1.0,25.0,5.0,5.0,5.0,7.0,2.0,3.0,12.0,13.0,3.0,3.0,4.0,6.0,4.0,4.0,2.0,6.0,6.0,6.0,5.0,2.0,6.0,3.0,7.0,4.0,6.0,3.0,4.0,6.0,3.0,1.0,5.0,4.0,5.0,5.0
174000.0,160.0,24.0,2645.0,8.0,5.0,1999.0,2000.0,456.0,0.0,0.0,776.0,776.0,764.0,677.0,0.0,1441.0,0.0,0.0,2.0,1.0,2.0,1.0,5.0,0.0,1999.0,2.0,492.0,206.0,0.0,0.0,0.0,0.0,0.0,0.0,11.0,2007.0,5.0,2.0,2.0,1.0,2.0,2.0,1.0,1.0,20.0,5.0,5.0,3.0,7.0,2.0,3.0,5.0,6.0,3.0,3.0,4.0,6.0,4.0,4.0,2.0,6.0,6.0,6.0,5.0,2.0,6.0,3.0,7.0,2.0,3.0,2.0,4.0,6.0,3.0,1.0,5.0,4.0,5.0,5.0
286000.0,120.0,41.0,4923.0,8.0,5.0,2001.0,2002.0,0.0,1153.0,0.0,440.0,1593.0,1593.0,0.0,0.0,1593.0,1.0,0.0,1.0,1.0,0.0,1.0,5.0,1.0,2001.0,2.0,682.0,0.0,120.0,0.0,0.0,224.0,0.0,0.0,8.0,2008.0,4.0,2.0,3.0,1.0,2.0,2.0,1.0,1.0,23.0,5.0,5.0,4.0,6.0,2.0,3.0,13.0,14.0,2.0,3.0,4.0,6.0,5.0,4.0,4.0,7.0,6.0,6.0,5.0,2.0,6.0,4.0,7.0,5.0,6.0,4.0,4.0,6.0,3.0,1.0,5.0,4.0,5.0,5.0
195400.0,20.0,64.0,6762.0,7.0,5.0,2007.0,2007.0,108.0,664.0,0.0,544.0,1208.0,1208.0,0.0,0.0,1208.0,1.0,0.0,2.0,0.0,2.0,1.0,6.0,0.0,2007.0,2.0,628.0,105.0,54.0,0.0,0.0,0.0,0.0,0.0,9.0,2007.0,4.0,2.0,3.0,1.0,2.0,2.0,1.0,1.0,17.0,5.0,5.0,5.0,6.0,2.0,3.0,12.0,13.0,3.0,3.0,4.0,6.0,4.0,4.0,2.0,7.0,6.0,6.0,5.0,2.0,6.0,3.0,7.0,2.0,6.0,3.0,4.0,6.0,3.0,1.0,5.0,4.0,9.0,6.0
105000.0,50.0,90.0,5400.0,4.0,6.0,1920.0,1950.0,0.0,315.0,105.0,420.0,840.0,840.0,534.0,0.0,1374.0,0.0,0.0,1.0,0.0,2.0,1.0,6.0,0.0,1967.0,1.0,338.0,0.0,0.0,198.0,0.0,0.0,0.0,0.0,10.0,2009.0,4.0,2.0,3.0,1.0,2.0,2.0,3.0,1.0,6.0,1.0,5.0,5.0,3.0,2.0,3.0,3.0,1.0,2.0,1.0,4.0,6.0,3.0,4.0,2.0,5.0,4.0,6.0,5.0,2.0,6.0,2.0,7.0,2.0,3.0,4.0,4.0,6.0,3.0,1.0,5.0,4.0,5.0,5.0
181000.0,120.0,34.0,4060.0,6.0,5.0,1998.0,1999.0,0.0,266.0,0.0,1139.0,1405.0,1337.0,0.0,0.0,1337.0,1.0,0.0,2.0,0.0,2.0,1.0,5.0,0.0,1998.0,2.0,511.0,144.0,68.0,0.0,0.0,0.0,0.0,0.0,8.0,2008.0,3.0,2.0,3.0,1.0,2.0,2.0,1.0,1.0,11.0,5.0,5.0,4.0,6.0,2.0,3.0,5.0,6.0,2.0,3.0,4.0,6.0,4.0,4.0,2.0,7.0,6.0,6.0,5.0,2.0,6.0,3.0,7.0,2.0,6.0,4.0,4.0,6.0,3.0,1.0,5.0,4.0,4.0,2.0
117000.0,50.0,50.0,6000.0,5.0,8.0,1925.0,1997.0,0.0,0.0,0.0,884.0,884.0,884.0,464.0,0.0,1348.0,1.0,0.0,1.0,0.0,3.0,1.0,5.0,1.0,1960.0,1.0,216.0,0.0,0.0,208.0,0.0,0.0,0.0,0.0,5.0,2009.0,2.0,2.0,3.0,1.0,2.0,2.0,3.0,1.0,4.0,5.0,5.0,5.0,3.0,2.0,3.0,6.0,5.0,2.0,2.0,4.0,2.0,3.0,4.0,2.0,6.0,6.0,6.0,5.0,2.0,6.0,2.0,7.0,3.0,3.0,2.0,4.0,6.0,1.0,1.0,5.0,4.0,5.0,5.0
128200.0,20.0,75.0,10650.0,5.0,6.0,1976.0,1976.0,0.0,182.0,712.0,0.0,894.0,894.0,0.0,0.0,894.0,1.0,0.0,1.0,0.0,3.0,1.0,5.0,0.0,1976.0,1.0,308.0,365.0,0.0,0.0,0.0,0.0,0.0,0.0,2.0,2010.0,4.0,2.0,3.0,1.0,2.0,2.0,3.0,1.0,17.0,5.0,5.0,5.0,6.0,2.0,3.0,9.0,10.0,2.0,2.0,4.0,3.0,3.0,5.0,4.0,4.0,7.0,6.0,3.0,2.0,6.0,2.0,7.0,2.0,6.0,2.0,4.0,6.0,3.0,1.0,3.0,4.0,5.0,5.0
153500.0,120.0,32.0,4500.0,6.0,5.0,1998.0,1998.0,443.0,1201.0,0.0,36.0,1237.0,1337.0,0.0,0.0,1337.0,1.0,0.0,2.0,0.0,2.0,1.0,5.0,0.0,1998.0,2.0,405.0,0.0,199.0,0.0,0.0,0.0,0.0,0.0,3.0,2006.0,2.0,2.0,3.0,1.0,2.0,2.0,2.0,1.0,12.0,5.0,5.0,4.0,6.0,5.0,3.0,12.0,13.0,3.0,2.0,3.0,6.0,5.0,5.0,2.0,7.0,6.0,6.0,5.0,2.0,6.0,2.0,7.0,2.0,6.0,4.0,4.0,6.0,3.0,1.0,5.0,4.0,5.0,5.0
